team,season,filename,outer,real_names,placeholders,unverified_names,unique_candidates,ambiguous,unmatched,wikipedia_people,nflverse_people,source_starters,missing_starters,draft_blocked_slots,shared_with_moments,wikipedia_url,nflverse_url
49ers '81,1981,h-25-1981-49ers-3.iff,171,0,53,0,15,0,38,52,55,0,0,6,True,https://en.wikipedia.org/wiki/1981_San_Francisco_49ers_season,https://github.com/nflverse/nflverse-data/releases/download/rosters/roster_1981.csv
49ers '89,1989,h-25-1989-49ers-3.iff,172,2,51,0,17,0,36,60,58,0,0,5,True,https://en.wikipedia.org/wiki/1989_San_Francisco_49ers_season,https://github.com/nflverse/nflverse-data/releases/download/rosters/roster_1989.csv
49ers '94,1994,h-25-1994-49ers-2.iff,173,5,48,0,19,0,34,58,59,0,0,5,False,https://en.wikipedia.org/wiki/1994_San_Francisco_49ers_season,https://github.com/nflverse/nflverse-data/releases/download/rosters/roster_1994.csv
49ers '03,2003,h-25-2003-49ers-0.iff,174,37,9,7,39,0,14,64,63,0,0,6,True,https://en.wikipedia.org/wiki/2003_San_Francisco_49ers_season,https://github.com/nflverse/nflverse-data/releases/download/rosters/roster_2003.csv
Bears '63,1963,h-05-1963-bears-2.iff,121,0,53,0,11,0,42,42,39,0,0,21,False,https://en.wikipedia.org/wiki/1963_Chicago_Bears_season,https://github.com/nflverse/nflverse-data/releases/download/rosters/roster_1963.csv
Bears '85,1985,h-05-1985-bears-1.iff,122,0,53,0,14,0,39,53,48,0,0,12,False,https://en.wikipedia.org/wiki/1985_Chicago_Bears_season,https://github.com/nflverse/nflverse-data/releases/download/rosters/roster_1985.csv
Bengals '81,1981,h-06-1981-bengals-1.iff,123,0,53,0,16,0,37,51,51,0,0,10,False,https://en.wikipedia.org/wiki/1981_Cincinnati_Bengals_season,https://github.com/nflverse/nflverse-data/releases/download/rosters/roster_1981.csv
Bengals '88,1988,h-06-1988-bengals-1.iff,124,0,53,0,22,0,31,58,55,0,0,5,True,https://en.wikipedia.org/wiki/1988_Cincinnati_Bengals_season,https://github.com/nflverse/nflverse-data/releases/download/rosters/roster_1988.csv
Bills '64,1964,h-03-1964-bills-7.iff,117,0,53,0,15,0,38,40,39,0,0,18,False,https://en.wikipedia.org/wiki/1964_Buffalo_Bills_season,https://github.com/nflverse/nflverse-data/releases/download/rosters/roster_1964.csv
Bills '90,1990,h-03-1990-bills-2.iff,118,0,53,0,14,0,39,59,57,24,17,11,True,https://en.wikipedia.org/wiki/1990_Buffalo_Bills_season,https://github.com/nflverse/nflverse-data/releases/download/rosters/roster_1990.csv
Broncos '77,1977,h-08-1977-broncos-2.iff,128,0,53,0,15,0,38,49,49,0,0,8,False,https://en.wikipedia.org/wiki/1977_Denver_Broncos_season,https://github.com/nflverse/nflverse-data/releases/download/rosters/roster_1977.csv
Broncos '86,1986,h-08-1986-broncos-1.iff,129,0,53,0,17,0,36,53,53,0,0,8,True,https://en.wikipedia.org/wiki/1986_Denver_Broncos_season,https://github.com/nflverse/nflverse-data/releases/download/rosters/roster_1986.csv
Broncos '98,1998,h-08-1998-broncos-0.iff,130,17,36,0,30,1,22,61,56,0,0,1,True,https://en.wikipedia.org/wiki/1998_Denver_Broncos_season,https://github.com/nflverse/nflverse-data/releases/download/rosters/roster_1998.csv
Browns '64,1964,h-30-1964-browns-2.iff,186,0,53,0,6,0,47,42,42,0,0,18,False,https://en.wikipedia.org/wiki/1964_Cleveland_Browns_season,https://github.com/nflverse/nflverse-data/releases/download/rosters/roster_1964.csv
Browns '86,1986,h-30-1986-browns-1.iff,187,0,53,0,18,0,35,53,53,0,0,7,True,https://en.wikipedia.org/wiki/1986_Cleveland_Browns_season,https://github.com/nflverse/nflverse-data/releases/download/rosters/roster_1986.csv
Buccaneers '79,1979,h-27-1979-buccaneers-3.iff,177,0,53,0,18,0,35,52,46,0,0,8,True,https://en.wikipedia.org/wiki/1979_Tampa_Bay_Buccaneers_season,https://github.com/nflverse/nflverse-data/releases/download/rosters/roster_1979.csv
Buccaneers '99,1999,h-27-1999-buccaneers-0.iff,178,24,29,0,32,1,20,61,61,0,0,5,False,https://en.wikipedia.org/wiki/1999_Tampa_Bay_Buccaneers_season,https://github.com/nflverse/nflverse-data/releases/download/rosters/roster_1999.csv
Buccaneers '02,2002,h-27-2002-buccaneers-0.iff,179,39,13,1,45,0,8,67,65,0,0,4,False,https://en.wikipedia.org/wiki/2002_Tampa_Bay_Buccaneers_season,https://github.com/nflverse/nflverse-data/releases/download/rosters/roster_2002.csv
Cardinals '75,1975,h-00-1975-cardinals-3.iff,113,0,53,0,0,0,53,0,44,0,0,53,True,https://en.wikipedia.org/wiki/1975_St._Louis_Cardinals_season,https://github.com/nflverse/nflverse-data/releases/download/rosters/roster_1975.csv
Chargers '63,1963,h-24-1963-chargers-8.iff,168,0,53,0,13,0,40,39,38,0,0,21,False,https://en.wikipedia.org/wiki/1963_San_Diego_Chargers_season,https://github.com/nflverse/nflverse-data/releases/download/rosters/roster_1963.csv
Chargers '80,1980,h-24-1980-chargers-4.iff,169,0,53,0,16,0,37,57,53,0,0,9,True,https://en.wikipedia.org/wiki/1980_San_Diego_Chargers_season,https://github.com/nflverse/nflverse-data/releases/download/rosters/roster_1980.csv
Chargers '94,1994,h-24-1994-chargers-0.iff,170,5,47,1,19,0,34,63,60,0,0,1,False,https://en.wikipedia.org/wiki/1994_San_Diego_Chargers_season,https://github.com/nflverse/nflverse-data/releases/download/rosters/roster_1994.csv
Chiefs '69,1969,h-13-1969-chiefs-4.iff,139,0,53,0,12,0,41,48,45,0,0,15,True,https://en.wikipedia.org/wiki/1969_Kansas_City_Chiefs_season,https://github.com/nflverse/nflverse-data/releases/download/rosters/roster_1969.csv
Chiefs '93,1993,h-13-1993-chiefs-2.iff,140,2,51,0,16,0,37,60,70,0,0,10,True,https://en.wikipedia.org/wiki/1993_Kansas_City_Chiefs_season,https://github.com/nflverse/nflverse-data/releases/download/rosters/roster_1993.csv
Colts '70,1970,h-11-1970-colts-5.iff,136,0,53,0,10,0,43,48,45,0,0,11,True,https://en.wikipedia.org/wiki/1970_Baltimore_Colts_season,https://github.com/nflverse/nflverse-data/releases/download/rosters/roster_1970.csv
Cowboys '71,1971,h-07-1971-cowboys-4.iff,125,0,53,0,16,0,37,48,49,0,0,9,True,https://en.wikipedia.org/wiki/1971_Dallas_Cowboys_season,https://github.com/nflverse/nflverse-data/releases/download/rosters/roster_1971.csv
Cowboys '77,1977,h-07-1977-cowboys-3.iff,126,0,53,0,18,0,35,50,45,0,0,11,True,https://en.wikipedia.org/wiki/1977_Dallas_Cowboys_season,https://github.com/nflverse/nflverse-data/releases/download/rosters/roster_1977.csv
Cowboys '92,1992,h-07-1992-cowboys-2.iff,127,4,49,0,22,0,31,59,60,0,0,11,False,https://en.wikipedia.org/wiki/1992_Dallas_Cowboys_season,https://github.com/nflverse/nflverse-data/releases/download/rosters/roster_1992.csv
Dolphins '72,1972,h-14-1972-dolphins-4.iff,141,0,53,0,10,0,43,49,46,0,0,13,True,https://en.wikipedia.org/wiki/1972_Miami_Dolphins_season,https://github.com/nflverse/nflverse-data/releases/download/rosters/roster_1972.csv
Dolphins '84,1984,h-14-1984-dolphins-3.iff,142,0,53,0,18,0,35,55,55,0,0,4,True,https://en.wikipedia.org/wiki/1984_Miami_Dolphins_season,https://github.com/nflverse/nflverse-data/releases/download/rosters/roster_1984.csv
Eagles '60,1960,h-21-1960-eagles-8.iff,160,0,53,0,11,0,42,37,39,0,0,25,False,https://en.wikipedia.org/wiki/1960_Philadelphia_Eagles_season,https://github.com/nflverse/nflverse-data/releases/download/rosters/roster_1960.csv
Eagles '80,1980,h-21-1980-eagles-5.iff,161,0,53,0,18,0,35,56,53,0,0,5,False,https://en.wikipedia.org/wiki/1980_Philadelphia_Eagles_season,https://github.com/nflverse/nflverse-data/releases/download/rosters/roster_1980.csv
Eagles '04,2004,h-21-2004-eagles-0.iff,162,34,5,14,37,0,16,71,59,0,0,4,True,https://en.wikipedia.org/wiki/2004_Philadelphia_Eagles_season,https://github.com/nflverse/nflverse-data/releases/download/rosters/roster_2004.csv
Falcons '80,1980,h-01-1980-falcons-6.iff,114,0,53,0,15,0,38,56,51,0,0,6,False,https://en.wikipedia.org/wiki/1980_Atlanta_Falcons_season,https://github.com/nflverse/nflverse-data/releases/download/rosters/roster_1980.csv
Falcons '98,1998,h-01-1998-falcons-1.iff,115,12,41,0,32,0,21,61,58,0,0,4,False,https://en.wikipedia.org/wiki/1998_Atlanta_Falcons_season,https://github.com/nflverse/nflverse-data/releases/download/rosters/roster_1998.csv
Giants '56,1956,h-18-1956-giants-6.iff,151,0,53,0,7,0,46,36,37,0,0,21,False,https://en.wikipedia.org/wiki/1956_New_York_Giants_season,https://github.com/nflverse/nflverse-data/releases/download/rosters/roster_1956.csv
Giants '86,1986,h-18-1986-giants-2.iff,152,1,52,0,20,0,33,52,51,25,15,9,False,https://en.wikipedia.org/wiki/1986_New_York_Giants_season,https://github.com/nflverse/nflverse-data/releases/download/rosters/roster_1986.csv
Giants '90,1990,h-18-1990-giants-2.iff,153,1,52,0,17,0,36,55,52,24,15,8,True,https://en.wikipedia.org/wiki/1990_New_York_Giants_season,https://github.com/nflverse/nflverse-data/releases/download/rosters/roster_1990.csv
Giants '03,2003,h-18-2003-giants-0.iff,154,29,17,7,39,1,13,70,64,0,0,5,True,https://en.wikipedia.org/wiki/2003_New_York_Giants_season,https://github.com/nflverse/nflverse-data/releases/download/rosters/roster_2003.csv
Jaguars '99,1999,h-12-1999-jaguars-1.iff,137,20,33,0,32,2,19,65,68,0,0,3,False,https://en.wikipedia.org/wiki/1999_Jacksonville_Jaguars_season,https://github.com/nflverse/nflverse-data/releases/download/rosters/roster_1999.csv
Jets '68,1968,h-19-1968-jets-4.iff,155,0,53,0,9,0,44,46,46,0,0,12,True,https://en.wikipedia.org/wiki/1968_New_York_Jets_season,https://github.com/nflverse/nflverse-data/releases/download/rosters/roster_1968.csv
Jets '98,1998,h-19-1998-jets-0.iff,156,20,33,0,32,0,21,64,63,0,0,5,False,https://en.wikipedia.org/wiki/1998_New_York_Jets_season,https://github.com/nflverse/nflverse-data/releases/download/rosters/roster_1998.csv
Lions '53,1953,h-09-1953-lions-6.iff,131,0,53,0,12,0,41,36,37,0,0,23,False,https://en.wikipedia.org/wiki/1953_Detroit_Lions_season,https://github.com/nflverse/nflverse-data/releases/download/rosters/roster_1953.csv
Lions '91,1991,h-09-1991-lions-3.iff,132,2,51,0,23,0,30,59,59,0,0,7,False,https://en.wikipedia.org/wiki/1991_Detroit_Lions_season,https://github.com/nflverse/nflverse-data/releases/download/rosters/roster_1991.csv
Oilers '61,1961,h-28-1961-oilers-5.iff,180,0,53,0,8,0,45,37,43,0,0,21,False,https://en.wikipedia.org/wiki/1961_Houston_Oilers_season,https://github.com/nflverse/nflverse-data/releases/download/rosters/roster_1961.csv
Oilers '79,1979,h-28-1979-oilers-2.iff,181,0,53,0,27,0,26,54,53,29,14,9,True,https://en.wikipedia.org/wiki/1979_Houston_Oilers_season,https://github.com/nflverse/nflverse-data/releases/download/rosters/roster_1979.csv
Packers '66,1966,h-10-1966-packers-3.iff,133,0,53,0,19,0,34,46,41,0,0,14,True,https://en.wikipedia.org/wiki/1966_Green_Bay_Packers_season,https://github.com/nflverse/nflverse-data/releases/download/rosters/roster_1966.csv
Packers '96,1996,h-10-1996-packers-2.iff,134,10,42,1,26,1,26,67,71,0,0,4,True,https://en.wikipedia.org/wiki/1996_Green_Bay_Packers_season,https://github.com/nflverse/nflverse-data/releases/download/rosters/roster_1996.csv
Packers '04,2004,h-10-2004-packers-0.iff,135,40,3,10,42,0,11,71,66,0,0,7,True,https://en.wikipedia.org/wiki/2004_Green_Bay_Packers_season,https://github.com/nflverse/nflverse-data/releases/download/rosters/roster_2004.csv
Panthers '96,1996,h-04-1996-panthers-1.iff,119,7,46,0,23,1,29,58,68,0,0,5,False,https://en.wikipedia.org/wiki/1996_Carolina_Panthers_season,https://github.com/nflverse/nflverse-data/releases/download/rosters/roster_1996.csv
Panthers '03,2003,h-04-2003-panthers-0.iff,120,53,0,0,51,0,2,67,57,0,0,3,False,https://en.wikipedia.org/wiki/2003_Carolina_Panthers_season,https://github.com/nflverse/nflverse-data/releases/download/rosters/roster_2003.csv
Patriots '85,1985,h-16-1985-patriots-5.iff,146,0,53,0,18,0,35,58,50,0,0,7,False,https://en.wikipedia.org/wiki/1985_New_England_Patriots_season,https://github.com/nflverse/nflverse-data/releases/download/rosters/roster_1985.csv
Patriots '01,2001,h-16-2001-patriots-0.iff,147,34,19,0,34,2,17,65,72,0,0,5,True,https://en.wikipedia.org/wiki/2001_New_England_Patriots_season,https://github.com/nflverse/nflverse-data/releases/download/rosters/roster_2001.csv
Patriots '03,2003,h-16-2003-patriots-0.iff,148,53,0,0,46,0,7,67,65,0,0,9,False,https://en.wikipedia.org/wiki/2003_New_England_Patriots_season,https://github.com/nflverse/nflverse-data/releases/download/rosters/roster_2003.csv
Raiders '67,1967,h-20-1967-raiders-1.iff,157,0,53,0,11,0,42,44,43,0,0,13,True,https://en.wikipedia.org/wiki/1967_Oakland_Raiders_season,https://github.com/nflverse/nflverse-data/releases/download/rosters/roster_1967.csv
Raiders '76,1976,h-20-1976-raiders-0.iff,158,0,53,0,15,0,38,51,50,24,14,9,True,https://en.wikipedia.org/wiki/1976_Oakland_Raiders_season,https://github.com/nflverse/nflverse-data/releases/download/rosters/roster_1976.csv
Raiders '83,1983,h-20-1983-raiders-0.iff,159,0,53,0,13,0,40,56,56,28,20,9,True,https://en.wikipedia.org/wiki/1983_Los_Angeles_Raiders_season,https://github.com/nflverse/nflverse-data/releases/download/rosters/roster_1983.csv
Rams '79,1979,h-23-1979-rams-4.iff,166,0,53,0,18,0,35,61,57,0,0,6,False,https://en.wikipedia.org/wiki/1979_Los_Angeles_Rams_season,https://github.com/nflverse/nflverse-data/releases/download/rosters/roster_1979.csv
Rams '99,1999,h-23-1999-rams-2.iff,167,28,25,0,26,0,27,60,67,0,0,6,True,https://en.wikipedia.org/wiki/1999_St._Louis_Rams_season,https://github.com/nflverse/nflverse-data/releases/download/rosters/roster_1999.csv
Ravens '00,2000,h-02-2000-ravens-0.iff,116,31,22,0,31,0,22,63,60,0,0,4,False,https://en.wikipedia.org/wiki/2000_Baltimore_Ravens_season,https://github.com/nflverse/nflverse-data/releases/download/rosters/roster_2000.csv
Redskins '82,1982,h-29-1982-redskins-2.iff,183,0,53,0,15,0,38,59,54,0,0,5,True,https://en.wikipedia.org/wiki/1982_Washington_Redskins_season,https://github.com/nflverse/nflverse-data/releases/download/rosters/roster_1982.csv
Redskins '87,1987,h-29-1987-redskins-2.iff,184,0,53,0,15,0,38,63,111,0,0,7,False,https://en.wikipedia.org/wiki/1987_Washington_Redskins_season,https://github.com/nflverse/nflverse-data/releases/download/rosters/roster_1987.csv
Redskins '91,1991,h-29-1991-redskins-2.iff,185,0,53,0,22,0,31,62,60,0,0,4,False,https://en.wikipedia.org/wiki/1991_Washington_Redskins_season,https://github.com/nflverse/nflverse-data/releases/download/rosters/roster_1991.csv
Saints '91,1991,h-17-1991-saints-4.iff,149,1,52,0,13,0,40,60,63,0,0,2,True,https://en.wikipedia.org/wiki/1991_New_Orleans_Saints_season,https://github.com/nflverse/nflverse-data/releases/download/rosters/roster_1991.csv
Saints '00,2000,h-17-2000-saints-2.iff,150,23,30,0,39,1,13,66,66,0,0,4,False,https://en.wikipedia.org/wiki/2000_New_Orleans_Saints_season,https://github.com/nflverse/nflverse-data/releases/download/rosters/roster_2000.csv
Seahawks '84,1984,h-26-1984-seahawks-1.iff,175,0,53,0,21,0,32,57,57,22,14,6,False,https://en.wikipedia.org/wiki/1984_Seattle_Seahawks_season,https://github.com/nflverse/nflverse-data/releases/download/rosters/roster_1984.csv
Seahawks '99,1999,h-26-1999-seahawks-1.iff,176,22,31,0,27,3,23,63,65,22,8,2,False,https://en.wikipedia.org/wiki/1999_Seattle_Seahawks_season,https://github.com/nflverse/nflverse-data/releases/download/rosters/roster_1999.csv
Steelers '75,1975,h-22-1975-steelers-1.iff,163,0,53,0,10,0,43,43,43,0,0,11,True,https://en.wikipedia.org/wiki/1975_Pittsburgh_Steelers_season,https://github.com/nflverse/nflverse-data/releases/download/rosters/roster_1975.csv
Steelers '78,1978,h-22-1978-steelers-1.iff,164,0,53,0,19,0,34,49,49,26,19,9,False,https://en.wikipedia.org/wiki/1978_Pittsburgh_Steelers_season,https://github.com/nflverse/nflverse-data/releases/download/rosters/roster_1978.csv
Steelers '95,1995,h-22-1995-steelers-0.iff,165,8,45,0,19,0,34,61,59,0,0,6,False,https://en.wikipedia.org/wiki/1995_Pittsburgh_Steelers_season,https://github.com/nflverse/nflverse-data/releases/download/rosters/roster_1995.csv
Texans '62,1962,h-13-1962-texans-5.iff,138,0,53,0,8,0,45,36,38,0,0,23,False,https://en.wikipedia.org/wiki/1962_Dallas_Texans_season,https://github.com/nflverse/nflverse-data/releases/download/rosters/roster_1962.csv
Titans '99,1999,h-28-1999-titans-0.iff,182,21,32,0,35,0,18,62,62,0,0,2,True,https://en.wikipedia.org/wiki/1999_Tennessee_Titans_season,https://github.com/nflverse/nflverse-data/releases/download/rosters/roster_1999.csv
Vikings '69,1969,h-15-1969-vikings-4.iff,143,0,53,0,11,0,42,43,44,0,0,13,False,https://en.wikipedia.org/wiki/1969_Minnesota_Vikings_season,https://github.com/nflverse/nflverse-data/releases/download/rosters/roster_1969.csv
Vikings '73,1973,h-15-1973-vikings-3.iff,144,0,53,0,13,0,40,49,46,0,0,10,False,https://en.wikipedia.org/wiki/1973_Minnesota_Vikings_season,https://github.com/nflverse/nflverse-data/releases/download/rosters/roster_1973.csv
Vikings '98,1998,h-15-1998-vikings-0.iff,145,19,34,0,32,0,21,62,64,0,0,4,False,https://en.wikipedia.org/wiki/1998_Minnesota_Vikings_season,https://github.com/nflverse/nflverse-data/releases/download/rosters/roster_1998.csv
