field,before_mismatch,before_checked,after_mismatch,after_checked,category
age_2026_09_29,0,1696,0,1696,derived_DOB
base_salary_2026,1434,1439,1434,1439,model_semantics
birth_date,0,1696,0,1696,data
bonus_proration_2026,1187,1324,1188,1324,model_semantics
cap_2026,1369,1439,1369,1439,fit_or_source_change
cap_2026_over_20000,24,1439,0,1439,material_fit_or_source_change
cap_all_years,2786,2869,2787,2870,fit_or_source_change
career_defensive_interceptions,432,1383,0,1383,inherited_history
career_defensive_sacks,562,1383,0,1383,inherited_history
career_extra_points_attempted,32,1383,0,1383,inherited_history
career_extra_points_made,32,1383,0,1383,inherited_history
career_field_goals_made_1_29,30,1383,0,1383,inherited_history
career_field_goals_made_30_39,29,1383,0,1383,inherited_history
career_field_goals_made_40_49,29,1383,0,1383,inherited_history
career_field_goals_made_50_plus,29,1383,0,1383,inherited_history
career_forced_fumbles,572,1383,0,1383,inherited_history
career_games,1377,1383,0,1383,inherited_history
career_interception_return_yards,415,1383,0,1383,inherited_history
career_passing_attempts,173,1383,0,1383,inherited_history
career_passing_completions,137,1383,0,1383,inherited_history
career_passing_interceptions,93,1383,0,1383,inherited_history
career_passing_touchdowns,102,1383,0,1383,inherited_history
career_passing_yards,139,1383,0,1383,inherited_history
career_punt_touchbacks,29,1383,0,1383,inherited_history
career_punting_yards,43,1383,0,1383,inherited_history
career_punts,42,1383,0,1383,inherited_history
career_punts_inside_20,37,1383,0,1383,inherited_history
career_receiving_touchdowns,339,1383,0,1383,inherited_history
career_receiving_yards,433,1383,0,1383,inherited_history
career_receptions,425,1383,0,1383,inherited_history
career_rushing_attempts,414,1383,0,1383,inherited_history
career_rushing_touchdowns,233,1383,0,1383,inherited_history
career_rushing_yards,401,1383,0,1383,inherited_history
college_literal,515,1692,435,1692,source_label_or_data
college_school,160,1692,0,1692,school_review
contract_bonus_frozen_integrity,0,1696,0,1696,frozen_integrity
contract_headline_value,1657,1695,1657,1695,model_semantics
contract_headline_years,864,1695,863,1695,model_semantics
contract_length_frozen_integrity,0,1696,0,1696,frozen_integrity
contract_playable_years,1,1439,0,1439,stale_data_or_model
contract_remaining_frozen_integrity,0,1696,0,1696,frozen_integrity
contract_schedule_changed,24,1439,0,1439,source_change
contract_type_frozen_integrity,0,1696,0,1696,frozen_integrity
contract_value_frozen_integrity,0,1696,0,1696,frozen_integrity
current_team,1,1696,1,1696,data
height,0,1696,0,1696,data
last_defensive_interceptions,230,1326,0,1326,inherited_history
last_defensive_sacks,382,1326,0,1326,inherited_history
last_extra_points_attempted,28,1326,0,1326,inherited_history
last_extra_points_made,28,1326,0,1326,inherited_history
last_field_goals_made_1_29,27,1326,0,1326,inherited_history
last_field_goals_made_30_39,27,1326,0,1326,inherited_history
last_field_goals_made_40_49,28,1326,0,1326,inherited_history
last_field_goals_made_50_plus,28,1326,0,1326,inherited_history
last_forced_fumbles,244,1326,0,1326,inherited_history
last_games,1287,1326,0,1326,inherited_history
last_interception_return_yards,178,1326,0,1326,inherited_history
last_passing_attempts,87,1326,0,1326,inherited_history
last_passing_completions,74,1326,0,1326,inherited_history
last_passing_interceptions,58,1326,0,1326,inherited_history
last_passing_touchdowns,62,1326,0,1326,inherited_history
last_passing_yards,75,1326,0,1326,inherited_history
last_punt_touchbacks,27,1326,0,1326,inherited_history
last_punting_yards,31,1326,0,1326,inherited_history
last_punts,31,1326,0,1326,inherited_history
last_punts_inside_20,29,1326,0,1326,inherited_history
last_receiving_touchdowns,233,1326,0,1326,inherited_history
last_receiving_yards,342,1326,0,1326,inherited_history
last_receptions,342,1326,0,1326,inherited_history
last_rushing_attempts,277,1326,0,1326,inherited_history
last_rushing_touchdowns,122,1326,0,1326,inherited_history
last_rushing_yards,271,1326,0,1326,inherited_history
weight,0,1696,0,1696,data
years_pro,0,1696,0,1696,data
career_defensive_tackles,1230,1383,0,1383,supplemental_combined_tackle_policy
career_field_goals_attempted_1_29,30,1383,0,1383,supplemental_distance_attempts
career_field_goals_attempted_30_39,30,1383,0,1383,supplemental_distance_attempts
career_field_goals_attempted_40_49,30,1383,0,1383,supplemental_distance_attempts
career_field_goals_attempted_50_plus,31,1383,0,1383,supplemental_distance_attempts
last_defensive_tackles,988,1326,0,1326,supplemental_combined_tackle_policy
last_field_goals_attempted_1_29,27,1326,0,1326,supplemental_distance_attempts
last_field_goals_attempted_30_39,28,1326,0,1326,supplemental_distance_attempts
last_field_goals_attempted_40_49,27,1326,0,1326,supplemental_distance_attempts
last_field_goals_attempted_50_plus,28,1326,0,1326,supplemental_distance_attempts
