evidence,team,players,active_contract_matches,match_rate,observed_schedules,modeled_schedules
PROVED OFFLINE,49ers,53,53,1.0,45,8
PROVED OFFLINE,Bears,53,53,1.0,43,10
PROVED OFFLINE,Bengals,53,53,1.0,46,7
PROVED OFFLINE,Bills,53,53,1.0,45,8
PROVED OFFLINE,Broncos,53,53,1.0,49,4
PROVED OFFLINE,Browns,53,53,1.0,43,10
PROVED OFFLINE,Buccaneers,53,53,1.0,44,9
PROVED OFFLINE,Cardinals,53,53,1.0,47,6
PROVED OFFLINE,Chargers,53,53,1.0,43,10
PROVED OFFLINE,Chiefs,53,53,1.0,41,12
PROVED OFFLINE,Colts,53,53,1.0,42,11
PROVED OFFLINE,Cowboys,53,53,1.0,47,6
PROVED OFFLINE,Dolphins,53,53,1.0,41,12
PROVED OFFLINE,Eagles,53,52,0.9811320754716981,47,6
PROVED OFFLINE,Falcons,53,53,1.0,46,7
PROVED OFFLINE,Giants,53,53,1.0,44,9
PROVED OFFLINE,Jaguars,53,53,1.0,44,9
PROVED OFFLINE,Jets,53,53,1.0,48,5
PROVED OFFLINE,Lions,53,53,1.0,46,7
PROVED OFFLINE,Packers,53,53,1.0,47,6
PROVED OFFLINE,Panthers,53,53,1.0,43,10
PROVED OFFLINE,Patriots,53,53,1.0,42,11
PROVED OFFLINE,Raiders,53,53,1.0,45,8
PROVED OFFLINE,Rams,53,53,1.0,49,4
PROVED OFFLINE,Ravens,53,53,1.0,44,9
PROVED OFFLINE,Commanders,53,53,1.0,45,8
PROVED OFFLINE,Saints,53,53,1.0,46,7
PROVED OFFLINE,Seahawks,53,53,1.0,49,4
PROVED OFFLINE,Steelers,53,53,1.0,42,11
PROVED OFFLINE,Texans,53,53,1.0,45,8
PROVED OFFLINE,Titans,53,53,1.0,46,7
PROVED OFFLINE,Vikings,53,53,1.0,43,10
