evidence,team,checkpoint,players,payroll,cap_space,dead_money,dead_money_ledger,native_gate,otc_season,otc_active,otc_space,otc_dead,scope
PROVED OFFLINE,49ers,start,53,205712000,95488000,0,0,1,2026,254976248,44563162,41023689,"OTC is a 2026 reference, not a 2027 prediction or the same roster/accounting scope"
PROVED OFFLINE,49ers,rollover,54,211012000,113920000,0,0,1,2026,254976248,44563162,41023689,"OTC is a 2026 reference, not a 2027 prediction or the same roster/accounting scope"
PROVED OFFLINE,49ers,after_free_agency,34,211012000,113920000,0,0,1,2026,254976248,44563162,41023689,"OTC is a 2026 reference, not a 2027 prediction or the same roster/accounting scope"
PROVED OFFLINE,Bears,start,53,247216000,53984000,0,0,1,2026,278198920,7542886,23634728,"OTC is a 2026 reference, not a 2027 prediction or the same roster/accounting scope"
PROVED OFFLINE,Bears,rollover,54,271272000,53660000,0,0,1,2026,278198920,7542886,23634728,"OTC is a 2026 reference, not a 2027 prediction or the same roster/accounting scope"
PROVED OFFLINE,Bears,after_free_agency,49,324252000,680000,0,0,1,2026,278198920,7542886,23634728,"OTC is a 2026 reference, not a 2027 prediction or the same roster/accounting scope"
PROVED OFFLINE,Bengals,start,53,288772000,12428000,0,0,1,2026,294655374,11020419,11688726,"OTC is a 2026 reference, not a 2027 prediction or the same roster/accounting scope"
PROVED OFFLINE,Bengals,rollover,54,258776000,66156000,0,0,1,2026,294655374,11020419,11688726,"OTC is a 2026 reference, not a 2027 prediction or the same roster/accounting scope"
PROVED OFFLINE,Bengals,after_free_agency,44,324260000,672000,0,0,1,2026,294655374,11020419,11688726,"OTC is a 2026 reference, not a 2027 prediction or the same roster/accounting scope"
PROVED OFFLINE,Bills,start,53,242072000,59128000,0,0,1,2026,247957935,5913274,47200392,"OTC is a 2026 reference, not a 2027 prediction or the same roster/accounting scope"
PROVED OFFLINE,Bills,rollover,54,286396000,38536000,0,0,1,2026,247957935,5913274,47200392,"OTC is a 2026 reference, not a 2027 prediction or the same roster/accounting scope"
PROVED OFFLINE,Bills,after_free_agency,52,316620000,8312000,0,0,1,2026,247957935,5913274,47200392,"OTC is a 2026 reference, not a 2027 prediction or the same roster/accounting scope"
PROVED OFFLINE,Broncos,start,53,267580000,33620000,0,0,1,2026,290326171,6767004,6424353,"OTC is a 2026 reference, not a 2027 prediction or the same roster/accounting scope"
PROVED OFFLINE,Broncos,rollover,54,235724000,89208000,0,0,1,2026,290326171,6767004,6424353,"OTC is a 2026 reference, not a 2027 prediction or the same roster/accounting scope"
PROVED OFFLINE,Broncos,after_free_agency,48,323160000,1772000,0,0,1,2026,290326171,6767004,6424353,"OTC is a 2026 reference, not a 2027 prediction or the same roster/accounting scope"
PROVED OFFLINE,Browns,start,53,185888000,115312000,0,0,1,2026,205156617,14063225,119227505,"OTC is a 2026 reference, not a 2027 prediction or the same roster/accounting scope"
PROVED OFFLINE,Browns,rollover,54,149720000,175212000,0,0,1,2026,205156617,14063225,119227505,"OTC is a 2026 reference, not a 2027 prediction or the same roster/accounting scope"
PROVED OFFLINE,Browns,after_free_agency,51,201488000,123444000,0,0,1,2026,205156617,14063225,119227505,"OTC is a 2026 reference, not a 2027 prediction or the same roster/accounting scope"
PROVED OFFLINE,Buccaneers,start,53,276620000,24580000,0,0,1,2026,284260244,16240780,16194483,"OTC is a 2026 reference, not a 2027 prediction or the same roster/accounting scope"
PROVED OFFLINE,Buccaneers,rollover,54,259420000,65512000,0,0,1,2026,284260244,16240780,16194483,"OTC is a 2026 reference, not a 2027 prediction or the same roster/accounting scope"
PROVED OFFLINE,Buccaneers,after_free_agency,49,324424000,508000,0,0,1,2026,284260244,16240780,16194483,"OTC is a 2026 reference, not a 2027 prediction or the same roster/accounting scope"
PROVED OFFLINE,Cardinals,start,53,212644000,88556000,0,0,1,2026,231901072,13994127,81614125,"OTC is a 2026 reference, not a 2027 prediction or the same roster/accounting scope"
PROVED OFFLINE,Cardinals,rollover,54,179084000,145848000,0,0,1,2026,231901072,13994127,81614125,"OTC is a 2026 reference, not a 2027 prediction or the same roster/accounting scope"
PROVED OFFLINE,Cardinals,after_free_agency,46,214600000,110332000,0,0,1,2026,231901072,13994127,81614125,"OTC is a 2026 reference, not a 2027 prediction or the same roster/accounting scope"
PROVED OFFLINE,Chargers,start,53,252764000,48436000,0,0,1,2026,266994489,29678664,8460277,"OTC is a 2026 reference, not a 2027 prediction or the same roster/accounting scope"
PROVED OFFLINE,Chargers,rollover,54,218652000,106280000,0,0,1,2026,266994489,29678664,8460277,"OTC is a 2026 reference, not a 2027 prediction or the same roster/accounting scope"
PROVED OFFLINE,Chargers,after_free_agency,46,323824000,1108000,0,0,1,2026,266994489,29678664,8460277,"OTC is a 2026 reference, not a 2027 prediction or the same roster/accounting scope"
PROVED OFFLINE,Chiefs,start,53,273500000,27700000,0,0,1,2026,282922928,3197703,15449452,"OTC is a 2026 reference, not a 2027 prediction or the same roster/accounting scope"
PROVED OFFLINE,Chiefs,rollover,54,240512000,84420000,0,0,1,2026,282922928,3197703,15449452,"OTC is a 2026 reference, not a 2027 prediction or the same roster/accounting scope"
PROVED OFFLINE,Chiefs,after_free_agency,49,321332000,3600000,0,0,1,2026,282922928,3197703,15449452,"OTC is a 2026 reference, not a 2027 prediction or the same roster/accounting scope"
PROVED OFFLINE,Colts,start,53,250092000,51108000,0,0,1,2026,261446364,21908829,19708829,"OTC is a 2026 reference, not a 2027 prediction or the same roster/accounting scope"
PROVED OFFLINE,Colts,rollover,54,180644000,144288000,0,0,1,2026,261446364,21908829,19708829,"OTC is a 2026 reference, not a 2027 prediction or the same roster/accounting scope"
PROVED OFFLINE,Colts,after_free_agency,49,299932000,25000000,0,0,1,2026,261446364,21908829,19708829,"OTC is a 2026 reference, not a 2027 prediction or the same roster/accounting scope"
PROVED OFFLINE,Cowboys,start,53,244224000,56976000,0,0,1,2026,264556923,21384212,45411952,"OTC is a 2026 reference, not a 2027 prediction or the same roster/accounting scope"
PROVED OFFLINE,Cowboys,rollover,54,241356000,83576000,0,0,1,2026,264556923,21384212,45411952,"OTC is a 2026 reference, not a 2027 prediction or the same roster/accounting scope"
PROVED OFFLINE,Cowboys,after_free_agency,44,312288000,12644000,0,0,1,2026,264556923,21384212,45411952,"OTC is a 2026 reference, not a 2027 prediction or the same roster/accounting scope"
PROVED OFFLINE,Dolphins,start,53,102344000,198856000,0,0,1,2026,117520489,7945143,182648246,"OTC is a 2026 reference, not a 2027 prediction or the same roster/accounting scope"
PROVED OFFLINE,Dolphins,rollover,54,98524000,226408000,0,0,1,2026,117520489,7945143,182648246,"OTC is a 2026 reference, not a 2027 prediction or the same roster/accounting scope"
PROVED OFFLINE,Dolphins,after_free_agency,49,152900000,172032000,0,0,1,2026,117520489,7945143,182648246,"OTC is a 2026 reference, not a 2027 prediction or the same roster/accounting scope"
PROVED OFFLINE,Eagles,start,53,209016000,92184000,0,0,1,2026,227892133,12873830,75330672,"OTC is a 2026 reference, not a 2027 prediction or the same roster/accounting scope"
PROVED OFFLINE,Eagles,rollover,54,206200000,118732000,0,0,1,2026,227892133,12873830,75330672,"OTC is a 2026 reference, not a 2027 prediction or the same roster/accounting scope"
PROVED OFFLINE,Eagles,after_free_agency,50,324340000,592000,0,0,1,2026,227892133,12873830,75330672,"OTC is a 2026 reference, not a 2027 prediction or the same roster/accounting scope"
PROVED OFFLINE,Falcons,start,53,191884000,109316000,0,0,1,2026,224759355,33058049,47029244,"OTC is a 2026 reference, not a 2027 prediction or the same roster/accounting scope"
PROVED OFFLINE,Falcons,rollover,54,134044000,190888000,0,0,1,2026,224759355,33058049,47029244,"OTC is a 2026 reference, not a 2027 prediction or the same roster/accounting scope"
PROVED OFFLINE,Falcons,after_free_agency,51,282016000,42916000,0,0,1,2026,224759355,33058049,47029244,"OTC is a 2026 reference, not a 2027 prediction or the same roster/accounting scope"
PROVED OFFLINE,Giants,start,53,206308000,94892000,0,0,1,2026,246100035,12051908,42043391,"OTC is a 2026 reference, not a 2027 prediction or the same roster/accounting scope"
PROVED OFFLINE,Giants,rollover,54,196552000,128380000,0,0,1,2026,246100035,12051908,42043391,"OTC is a 2026 reference, not a 2027 prediction or the same roster/accounting scope"
PROVED OFFLINE,Giants,after_free_agency,46,255916000,69016000,0,0,1,2026,246100035,12051908,42043391,"OTC is a 2026 reference, not a 2027 prediction or the same roster/accounting scope"
PROVED OFFLINE,Jaguars,start,53,228632000,72568000,0,0,1,2026,244178967,5258739,60710762,"OTC is a 2026 reference, not a 2027 prediction or the same roster/accounting scope"
PROVED OFFLINE,Jaguars,rollover,54,220688000,104244000,0,0,1,2026,244178967,5258739,60710762,"OTC is a 2026 reference, not a 2027 prediction or the same roster/accounting scope"
PROVED OFFLINE,Jaguars,after_free_agency,52,323364000,1568000,0,0,1,2026,244178967,5258739,60710762,"OTC is a 2026 reference, not a 2027 prediction or the same roster/accounting scope"
PROVED OFFLINE,Jets,start,53,182280000,118920000,0,0,1,2026,194359845,13406072,115272511,"OTC is a 2026 reference, not a 2027 prediction or the same roster/accounting scope"
PROVED OFFLINE,Jets,rollover,54,183292000,141640000,0,0,1,2026,194359845,13406072,115272511,"OTC is a 2026 reference, not a 2027 prediction or the same roster/accounting scope"
PROVED OFFLINE,Jets,after_free_agency,51,317260000,7672000,0,0,1,2026,194359845,13406072,115272511,"OTC is a 2026 reference, not a 2027 prediction or the same roster/accounting scope"
PROVED OFFLINE,Lions,start,53,227384000,73816000,0,0,1,2026,252128405,37220387,33067779,"OTC is a 2026 reference, not a 2027 prediction or the same roster/accounting scope"
PROVED OFFLINE,Lions,rollover,54,209736000,115196000,0,0,1,2026,252128405,37220387,33067779,"OTC is a 2026 reference, not a 2027 prediction or the same roster/accounting scope"
PROVED OFFLINE,Lions,after_free_agency,45,302312000,22620000,0,0,1,2026,252128405,37220387,33067779,"OTC is a 2026 reference, not a 2027 prediction or the same roster/accounting scope"
PROVED OFFLINE,Packers,start,53,210164000,91036000,0,0,1,2026,254995874,11250694,48012896,"OTC is a 2026 reference, not a 2027 prediction or the same roster/accounting scope"
PROVED OFFLINE,Packers,rollover,54,251176000,73756000,0,0,1,2026,254995874,11250694,48012896,"OTC is a 2026 reference, not a 2027 prediction or the same roster/accounting scope"
PROVED OFFLINE,Packers,after_free_agency,54,312780000,12152000,0,0,1,2026,254995874,11250694,48012896,"OTC is a 2026 reference, not a 2027 prediction or the same roster/accounting scope"
PROVED OFFLINE,Panthers,start,53,225460000,75740000,0,0,1,2026,281414449,5874678,24694587,"OTC is a 2026 reference, not a 2027 prediction or the same roster/accounting scope"
PROVED OFFLINE,Panthers,rollover,54,201032000,123900000,0,0,1,2026,281414449,5874678,24694587,"OTC is a 2026 reference, not a 2027 prediction or the same roster/accounting scope"
PROVED OFFLINE,Panthers,after_free_agency,49,300612000,24320000,0,0,1,2026,281414449,5874678,24694587,"OTC is a 2026 reference, not a 2027 prediction or the same roster/accounting scope"
PROVED OFFLINE,Patriots,start,53,246016000,55184000,0,0,1,2026,301149554,7546814,43592727,"OTC is a 2026 reference, not a 2027 prediction or the same roster/accounting scope"
PROVED OFFLINE,Patriots,rollover,54,229828000,95104000,0,0,1,2026,301149554,7546814,43592727,"OTC is a 2026 reference, not a 2027 prediction or the same roster/accounting scope"
PROVED OFFLINE,Patriots,after_free_agency,50,296048000,28884000,0,0,1,2026,301149554,7546814,43592727,"OTC is a 2026 reference, not a 2027 prediction or the same roster/accounting scope"
PROVED OFFLINE,Raiders,start,53,237388000,63812000,0,0,1,2026,248170744,8286224,57975117,"OTC is a 2026 reference, not a 2027 prediction or the same roster/accounting scope"
PROVED OFFLINE,Raiders,rollover,54,195264000,129668000,0,0,1,2026,248170744,8286224,57975117,"OTC is a 2026 reference, not a 2027 prediction or the same roster/accounting scope"
PROVED OFFLINE,Raiders,after_free_agency,52,321744000,3188000,0,0,1,2026,248170744,8286224,57975117,"OTC is a 2026 reference, not a 2027 prediction or the same roster/accounting scope"
PROVED OFFLINE,Rams,start,53,281660000,19540000,0,0,1,2026,298583377,2734195,12290258,"OTC is a 2026 reference, not a 2027 prediction or the same roster/accounting scope"
PROVED OFFLINE,Rams,rollover,54,176940000,147992000,0,0,1,2026,298583377,2734195,12290258,"OTC is a 2026 reference, not a 2027 prediction or the same roster/accounting scope"
PROVED OFFLINE,Rams,after_free_agency,47,323592000,1340000,0,0,1,2026,298583377,2734195,12290258,"OTC is a 2026 reference, not a 2027 prediction or the same roster/accounting scope"
PROVED OFFLINE,Ravens,start,53,278776000,22424000,0,0,1,2026,290786802,4426050,18851123,"OTC is a 2026 reference, not a 2027 prediction or the same roster/accounting scope"
PROVED OFFLINE,Ravens,rollover,54,276656000,48276000,0,0,1,2026,290786802,4426050,18851123,"OTC is a 2026 reference, not a 2027 prediction or the same roster/accounting scope"
PROVED OFFLINE,Ravens,after_free_agency,50,324784000,148000,0,0,1,2026,290786802,4426050,18851123,"OTC is a 2026 reference, not a 2027 prediction or the same roster/accounting scope"
PROVED OFFLINE,Commanders,start,53,251588000,49612000,0,0,1,2026,275916545,26023283,26228538,"OTC is a 2026 reference, not a 2027 prediction or the same roster/accounting scope"
PROVED OFFLINE,Commanders,rollover,54,181280000,143652000,0,0,1,2026,275916545,26023283,26228538,"OTC is a 2026 reference, not a 2027 prediction or the same roster/accounting scope"
PROVED OFFLINE,Commanders,after_free_agency,49,312512000,12420000,0,0,1,2026,275916545,26023283,26228538,"OTC is a 2026 reference, not a 2027 prediction or the same roster/accounting scope"
PROVED OFFLINE,Saints,start,53,168820000,132380000,0,0,1,2026,193633263,7003694,116368509,"OTC is a 2026 reference, not a 2027 prediction or the same roster/accounting scope"
PROVED OFFLINE,Saints,rollover,54,183196000,141736000,0,0,1,2026,193633263,7003694,116368509,"OTC is a 2026 reference, not a 2027 prediction or the same roster/accounting scope"
PROVED OFFLINE,Saints,after_free_agency,44,219032000,105900000,0,0,1,2026,193633263,7003694,116368509,"OTC is a 2026 reference, not a 2027 prediction or the same roster/accounting scope"
PROVED OFFLINE,Seahawks,start,53,283228000,17972000,0,0,1,2026,297412241,14121620,2879912,"OTC is a 2026 reference, not a 2027 prediction or the same roster/accounting scope"
PROVED OFFLINE,Seahawks,rollover,54,277596000,47336000,0,0,1,2026,297412241,14121620,2879912,"OTC is a 2026 reference, not a 2027 prediction or the same roster/accounting scope"
PROVED OFFLINE,Seahawks,after_free_agency,47,324772000,160000,0,0,1,2026,297412241,14121620,2879912,"OTC is a 2026 reference, not a 2027 prediction or the same roster/accounting scope"
PROVED OFFLINE,Steelers,start,53,275004000,26196000,0,0,1,2026,288955190,13303448,18832921,"OTC is a 2026 reference, not a 2027 prediction or the same roster/accounting scope"
PROVED OFFLINE,Steelers,rollover,54,237484000,87448000,0,0,1,2026,288955190,13303448,18832921,"OTC is a 2026 reference, not a 2027 prediction or the same roster/accounting scope"
PROVED OFFLINE,Steelers,after_free_agency,53,317716000,7216000,0,0,1,2026,288955190,13303448,18832921,"OTC is a 2026 reference, not a 2027 prediction or the same roster/accounting scope"
PROVED OFFLINE,Texans,start,53,200836000,100364000,0,0,1,2026,231710816,6681442,71669810,"OTC is a 2026 reference, not a 2027 prediction or the same roster/accounting scope"
PROVED OFFLINE,Texans,rollover,54,221920000,103012000,0,0,1,2026,231710816,6681442,71669810,"OTC is a 2026 reference, not a 2027 prediction or the same roster/accounting scope"
PROVED OFFLINE,Texans,after_free_agency,50,318440000,6492000,0,0,1,2026,231710816,6681442,71669810,"OTC is a 2026 reference, not a 2027 prediction or the same roster/accounting scope"
PROVED OFFLINE,Titans,start,53,264540000,36660000,0,0,1,2026,275934717,31647648,35356018,"OTC is a 2026 reference, not a 2027 prediction or the same roster/accounting scope"
PROVED OFFLINE,Titans,rollover,54,284704000,40228000,0,0,1,2026,275934717,31647648,35356018,"OTC is a 2026 reference, not a 2027 prediction or the same roster/accounting scope"
PROVED OFFLINE,Titans,after_free_agency,50,304772000,20160000,0,0,1,2026,275934717,31647648,35356018,"OTC is a 2026 reference, not a 2027 prediction or the same roster/accounting scope"
PROVED OFFLINE,Vikings,start,53,243560000,57640000,0,0,1,2026,257355076,7657856,49371797,"OTC is a 2026 reference, not a 2027 prediction or the same roster/accounting scope"
PROVED OFFLINE,Vikings,rollover,54,189288000,135644000,0,0,1,2026,257355076,7657856,49371797,"OTC is a 2026 reference, not a 2027 prediction or the same roster/accounting scope"
PROVED OFFLINE,Vikings,after_free_agency,50,321400000,3532000,0,0,1,2026,257355076,7657856,49371797,"OTC is a 2026 reference, not a 2027 prediction or the same roster/accounting scope"
