table	offset	round	week	date	home	away	kickoff	slot	primetime	hour_field	minute_field
upcoming	0x00072a94	regular	1	2004-09-09	Patriots	Colts	9:00 PM	monday_or_thursday_night	True	9	0
upcoming	0x00072a9c	regular	1	2004-09-12	Bills	Jaguars	1:00 PM	standard	False	1	0
upcoming	0x00072aa4	regular	1	2004-09-12	Bears	Lions	1:00 PM	standard	False	1	0
upcoming	0x00072aac	regular	1	2004-09-12	Browns	Ravens	1:00 PM	standard	False	1	0
upcoming	0x00072ab4	regular	1	2004-09-12	Texans	Chargers	1:00 PM	standard	False	1	0
upcoming	0x00072abc	regular	1	2004-09-12	Dolphins	Titans	1:00 PM	standard	False	1	0
upcoming	0x00072ac4	regular	1	2004-09-12	Saints	Seahawks	1:00 PM	standard	False	1	0
upcoming	0x00072acc	regular	1	2004-09-12	Jets	Bengals	1:00 PM	standard	False	1	0
upcoming	0x00072ad4	regular	1	2004-09-12	Steelers	Raiders	1:00 PM	standard	False	1	0
upcoming	0x00072adc	regular	1	2004-09-12	Rams	Cardinals	1:00 PM	standard	False	1	0
upcoming	0x00072ae4	regular	1	2004-09-12	Redskins	Buccaneers	1:00 PM	standard	False	1	0
upcoming	0x00072aec	regular	1	2004-09-12	Vikings	Cowboys	4:15 PM	late_doubleheader	False	4	15
upcoming	0x00072af4	regular	1	2004-09-12	Eagles	Giants	4:15 PM	late_doubleheader	False	4	15
upcoming	0x00072afc	regular	1	2004-09-12	Broncos	Chiefs	8:30 PM	sunday_night	True	8	30
upcoming	0x00072b04	regular	1	2004-09-12	49ers	Falcons	4:15 PM	late_doubleheader	False	4	15
upcoming	0x00072b0c	regular	1	2004-09-13	Panthers	Packers	9:00 PM	monday_or_thursday_night	True	9	0
upcoming	0x00072b14	regular	2	2004-09-19	Falcons	Rams	1:00 PM	standard	False	1	0
upcoming	0x00072b1c	regular	2	2004-09-19	Ravens	Steelers	1:00 PM	standard	False	1	0
upcoming	0x00072b24	regular	2	2004-09-19	Cowboys	Browns	1:00 PM	standard	False	1	0
upcoming	0x00072b2c	regular	2	2004-09-19	Lions	Texans	1:00 PM	standard	False	1	0
upcoming	0x00072b34	regular	2	2004-09-19	Packers	Bears	1:00 PM	standard	False	1	0
upcoming	0x00072b3c	regular	2	2004-09-19	Jaguars	Broncos	1:00 PM	standard	False	1	0
upcoming	0x00072b44	regular	2	2004-09-19	Chiefs	Panthers	1:00 PM	standard	False	1	0
upcoming	0x00072b4c	regular	2	2004-09-19	Saints	49ers	1:00 PM	standard	False	1	0
upcoming	0x00072b54	regular	2	2004-09-19	Giants	Redskins	1:00 PM	standard	False	1	0
upcoming	0x00072b5c	regular	2	2004-09-19	Buccaneers	Seahawks	4:05 PM	late_doubleheader	False	4	5
upcoming	0x00072b64	regular	2	2004-09-19	Cardinals	Patriots	4:15 PM	late_doubleheader	False	4	15
upcoming	0x00072b6c	regular	2	2004-09-19	Raiders	Bills	4:15 PM	late_doubleheader	False	4	15
upcoming	0x00072b74	regular	2	2004-09-19	Chargers	Jets	4:15 PM	late_doubleheader	False	4	15
upcoming	0x00072b7c	regular	2	2004-09-19	Titans	Colts	4:15 PM	late_doubleheader	False	4	15
upcoming	0x00072b84	regular	2	2004-09-19	Bengals	Dolphins	8:30 PM	sunday_night	True	8	30
upcoming	0x00072b8c	regular	2	2004-09-20	Eagles	Vikings	9:00 PM	monday_or_thursday_night	True	9	0
upcoming	0x00072b94	regular	3	2004-09-26	Falcons	Cardinals	1:00 PM	standard	False	1	0
upcoming	0x00072b9c	regular	3	2004-09-26	Bengals	Ravens	1:00 PM	standard	False	1	0
upcoming	0x00072ba4	regular	3	2004-09-26	Lions	Eagles	1:00 PM	standard	False	1	0
upcoming	0x00072bac	regular	3	2004-09-26	Chiefs	Texans	1:00 PM	standard	False	1	0
upcoming	0x00072bb4	regular	3	2004-09-26	Dolphins	Steelers	1:00 PM	standard	False	1	0
upcoming	0x00072bbc	regular	3	2004-09-26	Vikings	Bears	1:00 PM	standard	False	1	0
upcoming	0x00072bc4	regular	3	2004-09-26	Giants	Browns	1:00 PM	standard	False	1	0
upcoming	0x00072bcc	regular	3	2004-09-26	Rams	Saints	1:00 PM	standard	False	1	0
upcoming	0x00072bd4	regular	3	2004-09-26	Broncos	Chargers	4:05 PM	late_doubleheader	False	4	5
upcoming	0x00072bdc	regular	3	2004-09-26	Titans	Jaguars	1:00 PM	standard	False	1	0
upcoming	0x00072be4	regular	3	2004-09-26	Colts	Packers	4:15 PM	late_doubleheader	False	4	15
upcoming	0x00072bec	regular	3	2004-09-26	Seahawks	49ers	4:15 PM	late_doubleheader	False	4	15
upcoming	0x00072bf4	regular	3	2004-09-26	Raiders	Buccaneers	8:30 PM	sunday_night	True	8	30
upcoming	0x00072bfc	regular	3	2004-09-27	Redskins	Cowboys	9:00 PM	monday_or_thursday_night	True	9	0
upcoming	0x00072c04	regular	4	2004-10-03	Bills	Patriots	1:00 PM	standard	False	1	0
upcoming	0x00072c0c	regular	4	2004-10-03	Bears	Eagles	1:00 PM	standard	False	1	0
upcoming	0x00072c14	regular	4	2004-10-03	Browns	Redskins	1:00 PM	standard	False	1	0
upcoming	0x00072c1c	regular	4	2004-10-03	Packers	Giants	1:00 PM	standard	False	1	0
upcoming	0x00072c24	regular	4	2004-10-03	Texans	Raiders	1:00 PM	standard	False	1	0
upcoming	0x00072c2c	regular	4	2004-10-03	Jaguars	Colts	1:00 PM	standard	False	1	0
upcoming	0x00072c34	regular	4	2004-10-03	Cardinals	Saints	4:05 PM	late_doubleheader	False	4	5
upcoming	0x00072c3c	regular	4	2004-10-03	Steelers	Bengals	1:00 PM	standard	False	1	0
upcoming	0x00072c44	regular	4	2004-10-03	Panthers	Falcons	4:05 PM	late_doubleheader	False	4	5
upcoming	0x00072c4c	regular	4	2004-10-03	Dolphins	Jets	4:15 PM	late_doubleheader	False	4	15
upcoming	0x00072c54	regular	4	2004-10-03	Chargers	Titans	4:15 PM	late_doubleheader	False	4	15
upcoming	0x00072c5c	regular	4	2004-10-03	Buccaneers	Broncos	4:15 PM	late_doubleheader	False	4	15
upcoming	0x00072c64	regular	4	2004-10-03	49ers	Rams	8:30 PM	sunday_night	True	8	30
upcoming	0x00072c6c	regular	4	2004-10-04	Ravens	Chiefs	9:00 PM	monday_or_thursday_night	True	9	0
upcoming	0x00072c74	regular	5	2004-10-10	Falcons	Lions	1:00 PM	standard	False	1	0
upcoming	0x00072c7c	regular	5	2004-10-10	Cowboys	Giants	1:00 PM	standard	False	1	0
upcoming	0x00072c84	regular	5	2004-10-10	Texans	Vikings	1:00 PM	standard	False	1	0
upcoming	0x00072c8c	regular	5	2004-10-10	Colts	Raiders	1:00 PM	standard	False	1	0
upcoming	0x00072c94	regular	5	2004-10-10	Patriots	Dolphins	1:00 PM	standard	False	1	0
upcoming	0x00072c9c	regular	5	2004-10-10	Saints	Buccaneers	1:00 PM	standard	False	1	0
upcoming	0x00072ca4	regular	5	2004-10-10	Jets	Bills	4:05 PM	late_doubleheader	False	4	5
upcoming	0x00072cac	regular	5	2004-10-10	Steelers	Browns	1:00 PM	standard	False	1	0
upcoming	0x00072cb4	regular	5	2004-10-10	Broncos	Panthers	4:15 PM	late_doubleheader	False	4	15
upcoming	0x00072cbc	regular	5	2004-10-10	Chargers	Jaguars	4:05 PM	late_doubleheader	False	4	5
upcoming	0x00072cc4	regular	5	2004-10-10	49ers	Cardinals	4:15 PM	late_doubleheader	False	4	15
upcoming	0x00072ccc	regular	5	2004-10-10	Seahawks	Rams	4:15 PM	late_doubleheader	False	4	15
upcoming	0x00072cd4	regular	5	2004-10-10	Redskins	Ravens	8:30 PM	sunday_night	True	8	30
upcoming	0x00072cdc	regular	5	2004-10-11	Packers	Titans	9:00 PM	monday_or_thursday_night	True	9	0
upcoming	0x00072ce4	regular	6	2004-10-17	Falcons	Chargers	1:00 PM	standard	False	1	0
upcoming	0x00072cec	regular	6	2004-10-17	Bills	Dolphins	1:00 PM	standard	False	1	0
upcoming	0x00072cf4	regular	6	2004-10-17	Bears	Redskins	1:00 PM	standard	False	1	0
upcoming	0x00072cfc	regular	6	2004-10-17	Browns	Bengals	1:00 PM	standard	False	1	0
upcoming	0x00072d04	regular	6	2004-10-17	Lions	Packers	1:00 PM	standard	False	1	0
upcoming	0x00072d0c	regular	6	2004-10-17	Jaguars	Chiefs	1:00 PM	standard	False	1	0
upcoming	0x00072d14	regular	6	2004-10-17	Jets	49ers	1:00 PM	standard	False	1	0
upcoming	0x00072d1c	regular	6	2004-10-17	Patriots	Seahawks	1:00 PM	standard	False	1	0
upcoming	0x00072d24	regular	6	2004-10-17	Eagles	Panthers	1:00 PM	standard	False	1	0
upcoming	0x00072d2c	regular	6	2004-10-17	Titans	Texans	1:00 PM	standard	False	1	0
upcoming	0x00072d34	regular	6	2004-10-17	Cowboys	Steelers	4:15 PM	late_doubleheader	False	4	15
upcoming	0x00072d3c	regular	6	2004-10-17	Raiders	Broncos	4:15 PM	late_doubleheader	False	4	15
upcoming	0x00072d44	regular	6	2004-10-17	Saints	Vikings	8:30 PM	sunday_night	True	8	30
upcoming	0x00072d4c	regular	6	2004-10-18	Rams	Buccaneers	9:00 PM	monday_or_thursday_night	True	9	0
upcoming	0x00072d54	regular	7	2004-10-24	Ravens	Bills	1:00 PM	standard	False	1	0
upcoming	0x00072d5c	regular	7	2004-10-24	Panthers	Chargers	1:00 PM	standard	False	1	0
upcoming	0x00072d64	regular	7	2004-10-24	Browns	Eagles	1:00 PM	standard	False	1	0
upcoming	0x00072d6c	regular	7	2004-10-24	Colts	Jaguars	1:00 PM	standard	False	1	0
upcoming	0x00072d74	regular	7	2004-10-24	Chiefs	Falcons	1:00 PM	standard	False	1	0
upcoming	0x00072d7c	regular	7	2004-10-24	Dolphins	Rams	1:00 PM	standard	False	1	0
upcoming	0x00072d84	regular	7	2004-10-24	Vikings	Titans	1:00 PM	standard	False	1	0
upcoming	0x00072d8c	regular	7	2004-10-24	Giants	Lions	1:00 PM	standard	False	1	0
upcoming	0x00072d94	regular	7	2004-10-24	Patriots	Jets	4:05 PM	late_doubleheader	False	4	5
upcoming	0x00072d9c	regular	7	2004-10-24	Buccaneers	Bears	1:00 PM	standard	False	1	0
upcoming	0x00072da4	regular	7	2004-10-24	Cardinals	Seahawks	4:15 PM	late_doubleheader	False	4	15
upcoming	0x00072dac	regular	7	2004-10-24	Packers	Cowboys	4:15 PM	late_doubleheader	False	4	15
upcoming	0x00072db4	regular	7	2004-10-24	Raiders	Saints	4:15 PM	late_doubleheader	False	4	15
upcoming	0x00072dbc	regular	7	2004-10-25	Bengals	Broncos	9:00 PM	monday_or_thursday_night	True	9	0
upcoming	0x00072dc4	regular	8	2004-10-31	Bills	Cardinals	1:00 PM	standard	False	1	0
upcoming	0x00072dcc	regular	8	2004-10-31	Cowboys	Lions	1:00 PM	standard	False	1	0
upcoming	0x00072dd4	regular	8	2004-10-31	Texans	Jaguars	1:00 PM	standard	False	1	0
upcoming	0x00072ddc	regular	8	2004-10-31	Chiefs	Colts	1:00 PM	standard	False	1	0
upcoming	0x00072de4	regular	8	2004-10-31	Vikings	Giants	1:00 PM	standard	False	1	0
upcoming	0x00072dec	regular	8	2004-10-31	Steelers	Patriots	1:00 PM	standard	False	1	0
upcoming	0x00072df4	regular	8	2004-10-31	Titans	Bengals	1:00 PM	standard	False	1	0
upcoming	0x00072dfc	regular	8	2004-10-31	Redskins	Packers	1:00 PM	standard	False	1	0
upcoming	0x00072e04	regular	8	2004-10-31	Broncos	Falcons	4:05 PM	late_doubleheader	False	4	5
upcoming	0x00072e0c	regular	8	2004-10-31	Seahawks	Panthers	4:05 PM	late_doubleheader	False	4	5
upcoming	0x00072e14	regular	8	2004-10-31	Eagles	Ravens	4:15 PM	late_doubleheader	False	4	15
upcoming	0x00072e1c	regular	8	2004-10-31	Chargers	Raiders	4:15 PM	late_doubleheader	False	4	15
upcoming	0x00072e24	regular	8	2004-10-31	Bears	49ers	8:30 PM	sunday_night	True	8	30
upcoming	0x00072e2c	regular	8	2004-11-01	Jets	Dolphins	9:00 PM	monday_or_thursday_night	True	9	0
upcoming	0x00072e34	regular	9	2004-11-07	Bills	Jets	1:00 PM	standard	False	1	0
upcoming	0x00072e3c	regular	9	2004-11-07	Panthers	Raiders	1:00 PM	standard	False	1	0
upcoming	0x00072e44	regular	9	2004-11-07	Bengals	Cowboys	1:00 PM	standard	False	1	0
upcoming	0x00072e4c	regular	9	2004-11-07	Lions	Redskins	1:00 PM	standard	False	1	0
upcoming	0x00072e54	regular	9	2004-11-07	Dolphins	Cardinals	1:00 PM	standard	False	1	0
upcoming	0x00072e5c	regular	9	2004-11-07	Steelers	Eagles	1:00 PM	standard	False	1	0
upcoming	0x00072e64	regular	9	2004-11-07	Giants	Bears	4:05 PM	late_doubleheader	False	4	5
upcoming	0x00072e6c	regular	9	2004-11-07	Buccaneers	Chiefs	1:00 PM	standard	False	1	0
upcoming	0x00072e74	regular	9	2004-11-07	Chargers	Saints	4:05 PM	late_doubleheader	False	4	5
upcoming	0x00072e7c	regular	9	2004-11-07	49ers	Seahawks	4:05 PM	late_doubleheader	False	4	5
upcoming	0x00072e84	regular	9	2004-11-07	Broncos	Texans	4:15 PM	late_doubleheader	False	4	15
upcoming	0x00072e8c	regular	9	2004-11-07	Rams	Patriots	4:15 PM	late_doubleheader	False	4	15
upcoming	0x00072e94	regular	9	2004-11-07	Ravens	Browns	8:30 PM	sunday_night	True	8	30
upcoming	0x00072e9c	regular	9	2004-11-08	Colts	Vikings	9:00 PM	monday_or_thursday_night	True	9	0
upcoming	0x00072ea4	regular	10	2004-11-14	Falcons	Buccaneers	1:00 PM	standard	False	1	0
upcoming	0x00072eac	regular	10	2004-11-14	Browns	Steelers	1:00 PM	standard	False	1	0
upcoming	0x00072eb4	regular	10	2004-11-14	Colts	Texans	1:00 PM	standard	False	1	0
upcoming	0x00072ebc	regular	10	2004-11-14	Jaguars	Lions	1:00 PM	standard	False	1	0
upcoming	0x00072ec4	regular	10	2004-11-14	Jets	Ravens	1:00 PM	standard	False	1	0
upcoming	0x00072ecc	regular	10	2004-11-14	Saints	Chiefs	1:00 PM	standard	False	1	0
upcoming	0x00072ed4	regular	10	2004-11-14	Rams	Seahawks	1:00 PM	standard	False	1	0
upcoming	0x00072edc	regular	10	2004-11-14	Titans	Bears	1:00 PM	standard	False	1	0
upcoming	0x00072ee4	regular	10	2004-11-14	Cardinals	Giants	4:15 PM	late_doubleheader	False	4	15
upcoming	0x00072eec	regular	10	2004-11-14	Redskins	Bengals	4:05 PM	late_doubleheader	False	4	5
upcoming	0x00072ef4	regular	10	2004-11-14	Packers	Vikings	4:15 PM	late_doubleheader	False	4	15
upcoming	0x00072efc	regular	10	2004-11-14	49ers	Panthers	4:15 PM	late_doubleheader	False	4	15
upcoming	0x00072f04	regular	10	2004-11-14	Patriots	Bills	8:30 PM	sunday_night	True	8	30
upcoming	0x00072f0c	regular	10	2004-11-15	Cowboys	Eagles	9:00 PM	monday_or_thursday_night	True	9	0
upcoming	0x00072f14	regular	11	2004-11-21	Ravens	Cowboys	1:00 PM	standard	False	1	0
upcoming	0x00072f1c	regular	11	2004-11-21	Bills	Rams	1:00 PM	standard	False	1	0
upcoming	0x00072f24	regular	11	2004-11-21	Panthers	Cardinals	1:00 PM	standard	False	1	0
upcoming	0x00072f2c	regular	11	2004-11-21	Bears	Colts	1:00 PM	standard	False	1	0
upcoming	0x00072f34	regular	11	2004-11-21	Bengals	Steelers	1:00 PM	standard	False	1	0
upcoming	0x00072f3c	regular	11	2004-11-21	Browns	Jets	1:00 PM	standard	False	1	0
upcoming	0x00072f44	regular	11	2004-11-21	Jaguars	Titans	1:00 PM	standard	False	1	0
upcoming	0x00072f4c	regular	11	2004-11-21	Vikings	Lions	1:00 PM	standard	False	1	0
upcoming	0x00072f54	regular	11	2004-11-21	Saints	Broncos	1:00 PM	standard	False	1	0
upcoming	0x00072f5c	regular	11	2004-11-21	Buccaneers	49ers	1:00 PM	standard	False	1	0
upcoming	0x00072f64	regular	11	2004-11-21	Raiders	Chargers	4:05 PM	late_doubleheader	False	4	5
upcoming	0x00072f6c	regular	11	2004-11-21	Seahawks	Dolphins	4:05 PM	late_doubleheader	False	4	5
upcoming	0x00072f74	regular	11	2004-11-21	Giants	Falcons	4:15 PM	late_doubleheader	False	4	15
upcoming	0x00072f7c	regular	11	2004-11-21	Eagles	Redskins	4:15 PM	late_doubleheader	False	4	15
upcoming	0x00072f84	regular	11	2004-11-21	Texans	Packers	8:30 PM	sunday_night	True	8	30
upcoming	0x00072f8c	regular	11	2004-11-22	Chiefs	Patriots	9:00 PM	monday_or_thursday_night	True	9	0
upcoming	0x00072f94	regular	12	2004-11-25	Cowboys	Bears	4:15 PM	late_doubleheader	False	4	15
upcoming	0x00072f9c	regular	12	2004-11-25	Lions	Colts	12:30 PM	thanksgiving_early	False	12	30
upcoming	0x00072fa4	regular	12	2004-11-28	Panthers	Buccaneers	1:00 PM	standard	False	1	0
upcoming	0x00072fac	regular	12	2004-11-28	Bengals	Browns	1:00 PM	standard	False	1	0
upcoming	0x00072fb4	regular	12	2004-11-28	Texans	Titans	1:00 PM	standard	False	1	0
upcoming	0x00072fbc	regular	12	2004-11-28	Chiefs	Chargers	1:00 PM	standard	False	1	0
upcoming	0x00072fc4	regular	12	2004-11-28	Vikings	Jaguars	1:00 PM	standard	False	1	0
upcoming	0x00072fcc	regular	12	2004-11-28	Patriots	Ravens	1:00 PM	standard	False	1	0
upcoming	0x00072fd4	regular	12	2004-11-28	Giants	Eagles	1:00 PM	standard	False	1	0
upcoming	0x00072fdc	regular	12	2004-11-28	Steelers	Redskins	1:00 PM	standard	False	1	0
upcoming	0x00072fe4	regular	12	2004-11-28	Cardinals	Jets	4:15 PM	late_doubleheader	False	4	15
upcoming	0x00072fec	regular	12	2004-11-28	Falcons	Saints	4:05 PM	late_doubleheader	False	4	5
upcoming	0x00072ff4	regular	12	2004-11-28	49ers	Dolphins	4:15 PM	late_doubleheader	False	4	15
upcoming	0x00072ffc	regular	12	2004-11-28	Seahawks	Bills	4:15 PM	late_doubleheader	False	4	15
upcoming	0x00073004	regular	12	2004-11-28	Broncos	Raiders	8:30 PM	sunday_night	True	8	30
upcoming	0x0007300c	regular	12	2004-11-29	Packers	Rams	9:00 PM	monday_or_thursday_night	True	9	0
upcoming	0x00073014	regular	13	2004-12-05	Ravens	Bengals	1:00 PM	standard	False	1	0
upcoming	0x0007301c	regular	13	2004-12-05	Bears	Vikings	1:00 PM	standard	False	1	0
upcoming	0x00073024	regular	13	2004-12-05	Browns	Patriots	1:00 PM	standard	False	1	0
upcoming	0x0007302c	regular	13	2004-12-05	Lions	Cardinals	1:00 PM	standard	False	1	0
upcoming	0x00073034	regular	13	2004-12-05	Colts	Titans	1:00 PM	standard	False	1	0
upcoming	0x0007303c	regular	13	2004-12-05	Dolphins	Bills	1:00 PM	standard	False	1	0
upcoming	0x00073044	regular	13	2004-12-05	Jets	Texans	1:00 PM	standard	False	1	0
upcoming	0x0007304c	regular	13	2004-12-05	Saints	Panthers	1:00 PM	standard	False	1	0
upcoming	0x00073054	regular	13	2004-12-05	Rams	49ers	1:00 PM	standard	False	1	0
upcoming	0x0007305c	regular	13	2004-12-05	Buccaneers	Falcons	1:00 PM	standard	False	1	0
upcoming	0x00073064	regular	13	2004-12-05	Raiders	Chiefs	4:05 PM	late_doubleheader	False	4	5
upcoming	0x0007306c	regular	13	2004-12-05	Chargers	Broncos	4:05 PM	late_doubleheader	False	4	5
upcoming	0x00073074	regular	13	2004-12-05	Eagles	Packers	4:15 PM	late_doubleheader	False	4	15
upcoming	0x0007307c	regular	13	2004-12-05	Redskins	Giants	4:15 PM	late_doubleheader	False	4	15
upcoming	0x00073084	regular	13	2004-12-05	Jaguars	Steelers	8:30 PM	sunday_night	True	8	30
upcoming	0x0007308c	regular	13	2004-12-06	Seahawks	Cowboys	9:00 PM	monday_or_thursday_night	True	9	0
upcoming	0x00073094	regular	14	2004-12-12	Falcons	Raiders	1:00 PM	standard	False	1	0
upcoming	0x0007309c	regular	14	2004-12-12	Ravens	Giants	1:00 PM	standard	False	1	0
upcoming	0x000730a4	regular	14	2004-12-12	Bills	Browns	1:00 PM	standard	False	1	0
upcoming	0x000730ac	regular	14	2004-12-12	Cowboys	Saints	1:00 PM	standard	False	1	0
upcoming	0x000730b4	regular	14	2004-12-12	Packers	Lions	1:00 PM	standard	False	1	0
upcoming	0x000730bc	regular	14	2004-12-12	Texans	Colts	1:00 PM	standard	False	1	0
upcoming	0x000730c4	regular	14	2004-12-12	Jaguars	Bears	1:00 PM	standard	False	1	0
upcoming	0x000730cc	regular	14	2004-12-12	Vikings	Seahawks	1:00 PM	standard	False	1	0
upcoming	0x000730d4	regular	14	2004-12-12	Broncos	Dolphins	4:05 PM	late_doubleheader	False	4	5
upcoming	0x000730dc	regular	14	2004-12-12	Patriots	Bengals	1:00 PM	standard	False	1	0
upcoming	0x000730e4	regular	14	2004-12-12	Cardinals	49ers	4:15 PM	late_doubleheader	False	4	15
upcoming	0x000730ec	regular	14	2004-12-12	Steelers	Jets	4:05 PM	late_doubleheader	False	4	5
upcoming	0x000730f4	regular	14	2004-12-12	Panthers	Rams	4:15 PM	late_doubleheader	False	4	15
upcoming	0x000730fc	regular	14	2004-12-12	Chargers	Buccaneers	4:15 PM	late_doubleheader	False	4	15
upcoming	0x00073104	regular	14	2004-12-12	Redskins	Eagles	8:30 PM	sunday_night	True	8	30
upcoming	0x0007310c	regular	14	2004-12-13	Titans	Chiefs	9:00 PM	monday_or_thursday_night	True	9	0
upcoming	0x00073114	regular	15	2004-12-18	Giants	Steelers	1:30 PM	standard	False	1	30
upcoming	0x0007311c	regular	15	2004-12-18	49ers	Redskins	5:00 PM	standard	False	5	0
upcoming	0x00073124	regular	15	2004-12-18	Falcons	Panthers	8:30 PM	sunday_night	True	8	30
upcoming	0x0007312c	regular	15	2004-12-19	Bears	Texans	1:00 PM	standard	False	1	0
upcoming	0x00073134	regular	15	2004-12-19	Bengals	Bills	1:00 PM	standard	False	1	0
upcoming	0x0007313c	regular	15	2004-12-19	Lions	Vikings	1:00 PM	standard	False	1	0
upcoming	0x00073144	regular	15	2004-12-19	Packers	Jaguars	1:00 PM	standard	False	1	0
upcoming	0x0007314c	regular	15	2004-12-19	Browns	Chargers	1:00 PM	standard	False	1	0
upcoming	0x00073154	regular	15	2004-12-19	Jets	Seahawks	1:00 PM	standard	False	1	0
upcoming	0x0007315c	regular	15	2004-12-19	Cardinals	Rams	4:05 PM	late_doubleheader	False	4	5
upcoming	0x00073164	regular	15	2004-12-19	Eagles	Cowboys	1:00 PM	standard	False	1	0
upcoming	0x0007316c	regular	15	2004-12-19	Chiefs	Broncos	4:15 PM	late_doubleheader	False	4	15
upcoming	0x00073174	regular	15	2004-12-19	Buccaneers	Saints	4:05 PM	late_doubleheader	False	4	5
upcoming	0x0007317c	regular	15	2004-12-19	Colts	Ravens	8:30 PM	sunday_night	True	8	30
upcoming	0x00073184	regular	15	2004-12-19	Raiders	Titans	4:15 PM	late_doubleheader	False	4	15
upcoming	0x0007318c	regular	15	2004-12-20	Dolphins	Patriots	9:00 PM	monday_or_thursday_night	True	9	0
upcoming	0x00073194	regular	16	2004-12-24	Vikings	Packers	3:00 PM	standard	False	3	0
upcoming	0x0007319c	regular	16	2004-12-25	Chiefs	Raiders	5:00 PM	standard	False	5	0
upcoming	0x000731a4	regular	16	2004-12-25	Titans	Broncos	8:30 PM	sunday_night	True	8	30
upcoming	0x000731ac	regular	16	2004-12-26	Bengals	Giants	1:00 PM	standard	False	1	0
upcoming	0x000731b4	regular	16	2004-12-26	Lions	Bears	1:00 PM	standard	False	1	0
upcoming	0x000731bc	regular	16	2004-12-26	Colts	Chargers	1:00 PM	standard	False	1	0
upcoming	0x000731c4	regular	16	2004-12-26	Jaguars	Texans	1:00 PM	standard	False	1	0
upcoming	0x000731cc	regular	16	2004-12-26	Saints	Falcons	1:00 PM	standard	False	1	0
upcoming	0x000731d4	regular	16	2004-12-26	Steelers	Ravens	1:00 PM	standard	False	1	0
upcoming	0x000731dc	regular	16	2004-12-26	Jets	Patriots	4:05 PM	late_doubleheader	False	4	5
upcoming	0x000731e4	regular	16	2004-12-26	Buccaneers	Panthers	1:00 PM	standard	False	1	0
upcoming	0x000731ec	regular	16	2004-12-26	Cowboys	Redskins	4:15 PM	late_doubleheader	False	4	15
upcoming	0x000731f4	regular	16	2004-12-26	49ers	Bills	4:05 PM	late_doubleheader	False	4	5
upcoming	0x000731fc	regular	16	2004-12-26	Dolphins	Browns	8:30 PM	sunday_night	True	8	30
upcoming	0x00073204	regular	16	2004-12-26	Seahawks	Cardinals	4:15 PM	late_doubleheader	False	4	15
upcoming	0x0007320c	regular	16	2004-12-27	Rams	Eagles	9:00 PM	monday_or_thursday_night	True	9	0
upcoming	0x00073214	regular	17	2005-01-02	Ravens	Dolphins	1:00 PM	standard	False	1	0
upcoming	0x0007321c	regular	17	2005-01-02	Bills	Steelers	1:00 PM	standard	False	1	0
upcoming	0x00073224	regular	17	2005-01-02	Panthers	Saints	1:00 PM	standard	False	1	0
upcoming	0x0007322c	regular	17	2005-01-02	Bears	Packers	1:00 PM	standard	False	1	0
upcoming	0x00073234	regular	17	2005-01-02	Texans	Browns	1:00 PM	standard	False	1	0
upcoming	0x0007323c	regular	17	2005-01-02	Patriots	49ers	1:00 PM	standard	False	1	0
upcoming	0x00073244	regular	17	2005-01-02	Eagles	Bengals	1:00 PM	standard	False	1	0
upcoming	0x0007324c	regular	17	2005-01-02	Rams	Jets	1:00 PM	standard	False	1	0
upcoming	0x00073254	regular	17	2005-01-02	Titans	Lions	1:00 PM	standard	False	1	0
upcoming	0x0007325c	regular	17	2005-01-02	Redskins	Vikings	1:00 PM	standard	False	1	0
upcoming	0x00073264	regular	17	2005-01-02	Cardinals	Buccaneers	4:05 PM	late_doubleheader	False	4	5
upcoming	0x0007326c	regular	17	2005-01-02	Seahawks	Falcons	4:05 PM	late_doubleheader	False	4	5
upcoming	0x00073274	regular	17	2005-01-02	Broncos	Colts	4:15 PM	late_doubleheader	False	4	15
upcoming	0x0007327c	regular	17	2005-01-02	Raiders	Jaguars	4:15 PM	late_doubleheader	False	4	15
upcoming	0x00073284	regular	17	2005-01-02	Giants	Cowboys	8:30 PM	sunday_night	True	8	30
upcoming	0x0007328c	regular	17	2005-01-02	Chargers	Chiefs	4:15 PM	late_doubleheader	False	4	15
played	0x000917ea	regular	1	2004-09-05	Bills	Colts	9:00 PM	monday_or_thursday_night	True	9	0
played	0x000917f2	regular	1	2004-09-05	Dolphins	Texans	1:00 PM	standard	False	1	0
played	0x000917fa	regular	1	2004-09-05	Lions	Packers	1:00 PM	standard	False	1	0
played	0x00091802	regular	1	2004-09-05	Falcons	Bears	9:00 PM	monday_or_thursday_night	True	9	0
played	0x0009180a	regular	1	2004-09-05	Jaguars	Chiefs	1:00 PM	standard	False	1	0
played	0x00091812	regular	1	2004-09-05	Jets	Titans	1:00 PM	standard	False	1	0
played	0x0009181a	regular	1	2004-09-05	Panthers	Cardinals	1:00 PM	standard	False	1	0
played	0x00091822	regular	1	2004-09-05	Patriots	Ravens	1:00 PM	standard	False	1	0
played	0x0009182a	regular	1	2004-09-05	Bengals	Chargers	1:00 PM	standard	False	1	0
played	0x00091832	regular	1	2004-09-05	49ers	Seahawks	1:00 PM	standard	False	1	0
played	0x0009183a	regular	1	2004-09-05	Giants	Saints	1:00 PM	standard	False	1	0
played	0x00091842	regular	1	2004-09-05	Vikings	Eagles	4:15 PM	late_doubleheader	False	4	15
played	0x0009184a	regular	1	2004-09-05	Redskins	Cowboys	4:15 PM	late_doubleheader	False	4	15
played	0x00091852	regular	1	2004-09-05	Raiders	Broncos	8:30 PM	sunday_night	True	8	30
played	0x0009185a	regular	1	2004-09-05	Rams	Buccaneers	4:15 PM	late_doubleheader	False	4	15
played	0x00091862	regular	1	2004-09-06	Steelers	Browns	1:00 PM	standard	False	1	0
played	0x00091872	regular	2	2004-09-12	Buccaneers	49ers	1:00 PM	standard	False	1	0
played	0x0009187a	regular	2	2004-09-12	Browns	Bengals	1:00 PM	standard	False	1	0
played	0x00091882	regular	2	2004-09-12	Eagles	Steelers	1:00 PM	standard	False	1	0
played	0x0009188a	regular	2	2004-09-12	Packers	Jaguars	1:00 PM	standard	False	1	0
played	0x00091892	regular	2	2004-09-12	Redskins	Vikings	9:00 PM	monday_or_thursday_night	True	9	0
played	0x0009189a	regular	2	2004-09-12	Texans	Raiders	1:00 PM	standard	False	1	0
played	0x000918a2	regular	2	2004-09-12	Broncos	Falcons	1:00 PM	standard	False	1	0
played	0x000918aa	regular	2	2004-09-12	Panthers	Rams	1:00 PM	standard	False	1	0
played	0x000918b2	regular	2	2004-09-12	Cowboys	Giants	1:00 PM	standard	False	1	0
played	0x000918ba	regular	2	2004-09-12	Saints	Cardinals	4:05 PM	late_doubleheader	False	4	5
played	0x000918c2	regular	2	2004-09-12	Seahawks	Bills	4:15 PM	late_doubleheader	False	4	15
played	0x000918ca	regular	2	2004-09-12	Chargers	Dolphins	4:15 PM	late_doubleheader	False	4	15
played	0x000918d2	regular	2	2004-09-12	Chiefs	Patriots	4:15 PM	late_doubleheader	False	4	15
played	0x000918da	regular	2	2004-09-12	Titans	Colts	4:15 PM	late_doubleheader	False	4	15
played	0x000918e2	regular	2	2004-09-12	Ravens	Jets	8:30 PM	sunday_night	True	8	30
played	0x000918ea	regular	2	2004-09-13	Bears	Lions	1:00 PM	standard	False	1	0
played	0x000918fa	regular	3	2004-09-19	Buccaneers	Seahawks	1:00 PM	standard	False	1	0
played	0x00091902	regular	3	2004-09-19	Ravens	Browns	1:00 PM	standard	False	1	0
played	0x0009190a	regular	3	2004-09-19	Packers	Redskins	1:00 PM	standard	False	1	0
played	0x00091912	regular	3	2004-09-19	Broncos	Jaguars	1:00 PM	standard	False	1	0
played	0x0009191a	regular	3	2004-09-19	Jets	Bengals	1:00 PM	standard	False	1	0
played	0x00091922	regular	3	2004-09-19	Vikings	Lions	1:00 PM	standard	False	1	0
played	0x0009192a	regular	3	2004-09-19	Cowboys	Steelers	1:00 PM	standard	False	1	0
played	0x00091932	regular	3	2004-09-19	49ers	Panthers	1:00 PM	standard	False	1	0
played	0x0009193a	regular	3	2004-09-19	Raiders	Chiefs	4:05 PM	late_doubleheader	False	4	5
played	0x00091942	regular	3	2004-09-19	Titans	Texans	1:00 PM	standard	False	1	0
played	0x0009194a	regular	3	2004-09-19	Colts	Bears	4:15 PM	late_doubleheader	False	4	15
played	0x00091952	regular	3	2004-09-19	Giants	Eagles	9:00 PM	monday_or_thursday_night	True	9	0
played	0x0009195a	regular	3	2004-09-19	Chargers	Saints	8:30 PM	sunday_night	True	8	30
played	0x00091962	regular	3	2004-09-20	Cardinals	Rams	4:15 PM	late_doubleheader	False	4	15
played	0x00091982	regular	4	2004-09-26	Dolphins	Bills	1:00 PM	standard	False	1	0
played	0x0009198a	regular	4	2004-09-26	Lions	Redskins	1:00 PM	standard	False	1	0
played	0x00091992	regular	4	2004-09-26	Steelers	Giants	1:00 PM	standard	False	1	0
played	0x0009199a	regular	4	2004-09-26	Bears	Cowboys	1:00 PM	standard	False	1	0
played	0x000919a2	regular	4	2004-09-26	Jaguars	Chargers	1:00 PM	standard	False	1	0
played	0x000919aa	regular	4	2004-09-26	Texans	Colts	1:00 PM	standard	False	1	0
played	0x000919b2	regular	4	2004-09-26	Seahawks	Panthers	4:05 PM	late_doubleheader	False	4	5
played	0x000919ba	regular	4	2004-09-26	Bengals	Ravens	1:00 PM	standard	False	1	0
played	0x000919c2	regular	4	2004-09-26	Falcons	Buccaneers	4:05 PM	late_doubleheader	False	4	5
played	0x000919ca	regular	4	2004-09-26	Browns	Broncos	9:00 PM	monday_or_thursday_night	True	9	0
played	0x000919d2	regular	4	2004-09-26	Chiefs	Titans	4:15 PM	late_doubleheader	False	4	15
played	0x000919da	regular	4	2004-09-26	Saints	Raiders	4:15 PM	late_doubleheader	False	4	15
played	0x000919e2	regular	4	2004-09-26	Rams	49ers	8:30 PM	sunday_night	True	8	30
played	0x000919ea	regular	4	2004-09-27	Jets	Patriots	4:15 PM	late_doubleheader	False	4	15
played	0x00091a0a	regular	5	2004-10-03	Buccaneers	Packers	1:00 PM	standard	False	1	0
played	0x00091a12	regular	5	2004-10-03	Eagles	Cowboys	1:00 PM	standard	False	1	0
played	0x00091a1a	regular	5	2004-10-03	Jaguars	Vikings	1:00 PM	standard	False	1	0
played	0x00091a22	regular	5	2004-10-03	Colts	Chargers	1:00 PM	standard	False	1	0
played	0x00091a2a	regular	5	2004-10-03	Bills	Jets	1:00 PM	standard	False	1	0
played	0x00091a32	regular	5	2004-10-03	Bears	Titans	9:00 PM	monday_or_thursday_night	True	9	0
played	0x00091a3a	regular	5	2004-10-03	Patriots	Dolphins	4:05 PM	late_doubleheader	False	4	5
played	0x00091a42	regular	5	2004-10-03	Bengals	Steelers	1:00 PM	standard	False	1	0
played	0x00091a4a	regular	5	2004-10-03	Raiders	Falcons	4:15 PM	late_doubleheader	False	4	15
played	0x00091a52	regular	5	2004-10-03	Chiefs	Texans	4:05 PM	late_doubleheader	False	4	5
played	0x00091a5a	regular	5	2004-10-03	Rams	Seahawks	4:15 PM	late_doubleheader	False	4	15
played	0x00091a62	regular	5	2004-10-03	Cardinals	49ers	4:15 PM	late_doubleheader	False	4	15
played	0x00091a6a	regular	5	2004-10-03	Giants	Browns	8:30 PM	sunday_night	True	8	30
played	0x00091a72	regular	5	2004-10-04	Panthers	Saints	1:00 PM	standard	False	1	0
played	0x00091a92	regular	6	2004-10-10	Buccaneers	Chiefs	1:00 PM	standard	False	1	0
played	0x00091a9a	regular	6	2004-10-10	Dolphins	Jets	1:00 PM	standard	False	1	0
played	0x00091aa2	regular	6	2004-10-10	Lions	Giants	1:00 PM	standard	False	1	0
played	0x00091aaa	regular	6	2004-10-10	Steelers	Ravens	1:00 PM	standard	False	1	0
played	0x00091ab2	regular	6	2004-10-10	Packers	Bears	1:00 PM	standard	False	1	0
played	0x00091aba	regular	6	2004-10-10	Texans	Broncos	1:00 PM	standard	False	1	0
played	0x00091ac2	regular	6	2004-10-10	Patriots	Rams	1:00 PM	standard	False	1	0
played	0x00091aca	regular	6	2004-10-10	Bills	Cardinals	1:00 PM	standard	False	1	0
played	0x00091ad2	regular	6	2004-10-10	Redskins	Falcons	1:00 PM	standard	False	1	0
played	0x00091ada	regular	6	2004-10-10	Titans	Jaguars	1:00 PM	standard	False	1	0
played	0x00091ae2	regular	6	2004-10-10	Eagles	Bengals	4:15 PM	late_doubleheader	False	4	15
played	0x00091aea	regular	6	2004-10-10	49ers	Saints	9:00 PM	monday_or_thursday_night	True	9	0
played	0x00091af2	regular	6	2004-10-10	Panthers	Vikings	8:30 PM	sunday_night	True	8	30
played	0x00091afa	regular	6	2004-10-11	Chargers	Raiders	4:15 PM	late_doubleheader	False	4	15
played	0x00091b1a	regular	7	2004-10-17	Browns	Dolphins	1:00 PM	standard	False	1	0
played	0x00091b22	regular	7	2004-10-17	Falcons	Chiefs	1:00 PM	standard	False	1	0
played	0x00091b2a	regular	7	2004-10-17	Steelers	Redskins	1:00 PM	standard	False	1	0
played	0x00091b32	regular	7	2004-10-17	Colts	Texans	1:00 PM	standard	False	1	0
played	0x00091b3a	regular	7	2004-10-17	Broncos	Buccaneers	1:00 PM	standard	False	1	0
played	0x00091b42	regular	7	2004-10-17	Jets	49ers	1:00 PM	standard	False	1	0
played	0x00091b4a	regular	7	2004-10-17	Ravens	Raiders	9:00 PM	monday_or_thursday_night	True	9	0
played	0x00091b52	regular	7	2004-10-17	Cowboys	Packers	1:00 PM	standard	False	1	0
played	0x00091b5a	regular	7	2004-10-17	Bills	Patriots	4:05 PM	late_doubleheader	False	4	5
played	0x00091b62	regular	7	2004-10-17	Saints	Lions	1:00 PM	standard	False	1	0
played	0x00091b6a	regular	7	2004-10-17	Seahawks	Cardinals	4:15 PM	late_doubleheader	False	4	15
played	0x00091b72	regular	7	2004-10-17	Bears	Eagles	4:15 PM	late_doubleheader	False	4	15
played	0x00091b7a	regular	7	2004-10-17	Chargers	Panthers	4:15 PM	late_doubleheader	False	4	15
played	0x00091b82	regular	7	2004-10-18	Vikings	Titans	1:00 PM	standard	False	1	0
played	0x00091ba2	regular	8	2004-10-24	Dolphins	Seahawks	1:00 PM	standard	False	1	0
played	0x00091baa	regular	8	2004-10-24	Eagles	Packers	1:00 PM	standard	False	1	0
played	0x00091bb2	regular	8	2004-10-24	Jaguars	Texans	1:00 PM	standard	False	1	0
played	0x00091bba	regular	8	2004-10-24	Broncos	Colts	1:00 PM	standard	False	1	0
played	0x00091bc2	regular	8	2004-10-24	Vikings	Cowboys	1:00 PM	standard	False	1	0
played	0x00091bca	regular	8	2004-10-24	Patriots	Jets	9:00 PM	monday_or_thursday_night	True	9	0
played	0x00091bd2	regular	8	2004-10-24	Titans	Ravens	1:00 PM	standard	False	1	0
played	0x00091bda	regular	8	2004-10-24	Giants	Bears	1:00 PM	standard	False	1	0
played	0x00091be2	regular	8	2004-10-24	Raiders	Buccaneers	4:05 PM	late_doubleheader	False	4	5
played	0x00091bea	regular	8	2004-10-24	Cardinals	Falcons	4:05 PM	late_doubleheader	False	4	5
played	0x00091bf2	regular	8	2004-10-24	Redskins	Browns	4:15 PM	late_doubleheader	False	4	15
played	0x00091bfa	regular	8	2004-10-24	Chiefs	Chargers	4:15 PM	late_doubleheader	False	4	15
played	0x00091c02	regular	8	2004-10-24	Lions	Rams	8:30 PM	sunday_night	True	8	30
played	0x00091c0a	regular	8	2004-10-25	Bengals	Bills	1:00 PM	standard	False	1	0
played	0x00091c2a	regular	9	2004-10-31	Dolphins	Patriots	1:00 PM	standard	False	1	0
played	0x00091c32	regular	9	2004-10-31	Falcons	Chargers	1:00 PM	standard	False	1	0
played	0x00091c3a	regular	9	2004-10-31	Ravens	Eagles	1:00 PM	standard	False	1	0
played	0x00091c42	regular	9	2004-10-31	Packers	Giants	1:00 PM	standard	False	1	0
played	0x00091c4a	regular	9	2004-10-31	Jets	Seahawks	1:00 PM	standard	False	1	0
played	0x00091c52	regular	9	2004-10-31	Bengals	Redskins	1:00 PM	standard	False	1	0
played	0x00091c5a	regular	9	2004-10-31	Cowboys	Lions	4:05 PM	late_doubleheader	False	4	5
played	0x00091c62	regular	9	2004-10-31	Saints	Broncos	1:00 PM	standard	False	1	0
played	0x00091c6a	regular	9	2004-10-31	Chiefs	Panthers	4:05 PM	late_doubleheader	False	4	5
played	0x00091c72	regular	9	2004-10-31	Rams	Cardinals	4:05 PM	late_doubleheader	False	4	5
played	0x00091c7a	regular	9	2004-10-31	Raiders	Jaguars	4:15 PM	late_doubleheader	False	4	15
played	0x00091c82	regular	9	2004-10-31	Colts	Vikings	9:00 PM	monday_or_thursday_night	True	9	0
played	0x00091c8a	regular	9	2004-10-31	Browns	Steelers	8:30 PM	sunday_night	True	8	30
played	0x00091c92	regular	9	2004-11-01	49ers	Bills	4:15 PM	late_doubleheader	False	4	15
played	0x00091cb2	regular	10	2004-11-07	Buccaneers	Saints	1:00 PM	standard	False	1	0
played	0x00091cba	regular	10	2004-11-07	Steelers	Bengals	1:00 PM	standard	False	1	0
played	0x00091cc2	regular	10	2004-11-07	Colts	Jaguars	1:00 PM	standard	False	1	0
played	0x00091cca	regular	10	2004-11-07	Texans	Packers	1:00 PM	standard	False	1	0
played	0x00091cd2	regular	10	2004-11-07	Patriots	Browns	1:00 PM	standard	False	1	0
played	0x00091cda	regular	10	2004-11-07	Panthers	Broncos	1:00 PM	standard	False	1	0
played	0x00091ce2	regular	10	2004-11-07	49ers	Cardinals	1:00 PM	standard	False	1	0
played	0x00091cea	regular	10	2004-11-07	Titans	Lions	1:00 PM	standard	False	1	0
played	0x00091cf2	regular	10	2004-11-07	Seahawks	Cowboys	4:15 PM	late_doubleheader	False	4	15
played	0x00091cfa	regular	10	2004-11-07	Giants	Ravens	4:05 PM	late_doubleheader	False	4	5
played	0x00091d02	regular	10	2004-11-07	Bears	Vikings	4:15 PM	late_doubleheader	False	4	15
played	0x00091d0a	regular	10	2004-11-07	Rams	Falcons	4:15 PM	late_doubleheader	False	4	15
played	0x00091d12	regular	10	2004-11-07	Bills	Dolphins	8:30 PM	sunday_night	True	8	30
played	0x00091d1a	regular	10	2004-11-08	Eagles	Redskins	9:00 PM	monday_or_thursday_night	True	9	0
played	0x00091d3a	regular	11	2004-11-14	Browns	Eagles	1:00 PM	standard	False	1	0
played	0x00091d42	regular	11	2004-11-14	Dolphins	49ers	1:00 PM	standard	False	1	0
played	0x00091d4a	regular	11	2004-11-14	Falcons	Seahawks	1:00 PM	standard	False	1	0
played	0x00091d52	regular	11	2004-11-14	Lions	Colts	1:00 PM	standard	False	1	0
played	0x00091d5a	regular	11	2004-11-14	Ravens	Bengals	1:00 PM	standard	False	1	0
played	0x00091d62	regular	11	2004-11-14	Steelers	Patriots	1:00 PM	standard	False	1	0
played	0x00091d6a	regular	11	2004-11-14	Texans	Titans	1:00 PM	standard	False	1	0
played	0x00091d72	regular	11	2004-11-14	Vikings	Packers	1:00 PM	standard	False	1	0
played	0x00091d7a	regular	11	2004-11-14	Panthers	Raiders	1:00 PM	standard	False	1	0
played	0x00091d82	regular	11	2004-11-14	Saints	Rams	1:00 PM	standard	False	1	0
played	0x00091d8a	regular	11	2004-11-14	Chargers	Chiefs	4:05 PM	late_doubleheader	False	4	5
played	0x00091d92	regular	11	2004-11-14	Cardinals	Jets	4:05 PM	late_doubleheader	False	4	5
played	0x00091d9a	regular	11	2004-11-14	Cowboys	Buccaneers	4:15 PM	late_doubleheader	False	4	15
played	0x00091da2	regular	11	2004-11-14	Broncos	Bills	9:00 PM	monday_or_thursday_night	True	9	0
played	0x00091daa	regular	11	2004-11-14	Jaguars	Bears	8:30 PM	sunday_night	True	8	30
played	0x00091db2	regular	11	2004-11-15	Redskins	Giants	4:15 PM	late_doubleheader	False	4	15
played	0x00091dc2	regular	12	2004-11-21	Eagles	Lions	4:15 PM	late_doubleheader	False	4	15
played	0x00091dca	regular	12	2004-11-21	Bears	49ers	9:00 PM	monday_or_thursday_night	True	9	0
played	0x00091dd2	regular	12	2004-11-21	Falcons	Saints	1:00 PM	standard	False	1	0
played	0x00091dda	regular	12	2004-11-21	Ravens	Steelers	1:00 PM	standard	False	1	0
played	0x00091de2	regular	12	2004-11-21	Jaguars	Titans	1:00 PM	standard	False	1	0
played	0x00091dea	regular	12	2004-11-21	Broncos	Chiefs	1:00 PM	standard	False	1	0
played	0x00091df2	regular	12	2004-11-21	Vikings	Texans	1:00 PM	standard	False	1	0
played	0x00091dfa	regular	12	2004-11-21	Bills	Browns	1:00 PM	standard	False	1	0
played	0x00091e02	regular	12	2004-11-21	Cowboys	Redskins	1:00 PM	standard	False	1	0
played	0x00091e0a	regular	12	2004-11-21	Bengals	Giants	1:00 PM	standard	False	1	0
played	0x00091e12	regular	12	2004-11-21	Seahawks	Patriots	4:15 PM	late_doubleheader	False	4	15
played	0x00091e1a	regular	12	2004-11-21	Buccaneers	Panthers	4:05 PM	late_doubleheader	False	4	5
played	0x00091e22	regular	12	2004-11-21	Rams	Jets	4:15 PM	late_doubleheader	False	4	15
played	0x00091e2a	regular	12	2004-11-21	Cardinals	Dolphins	4:15 PM	late_doubleheader	False	4	15
played	0x00091e32	regular	12	2004-11-21	Raiders	Chargers	8:30 PM	sunday_night	True	8	30
played	0x00091e3a	regular	12	2004-11-22	Packers	Colts	12:30 PM	thanksgiving_early	False	12	30
played	0x00091e4a	regular	13	2004-11-25	Giants	Cowboys	4:15 PM	late_doubleheader	False	4	15
played	0x00091e52	regular	13	2004-11-25	Lions	Vikings	1:00 PM	standard	False	1	0
played	0x00091e5a	regular	13	2004-11-28	Steelers	Bills	1:00 PM	standard	False	1	0
played	0x00091e62	regular	13	2004-11-28	Packers	Seahawks	1:00 PM	standard	False	1	0
played	0x00091e6a	regular	13	2004-11-28	Colts	Titans	1:00 PM	standard	False	1	0
played	0x00091e72	regular	13	2004-11-28	Jets	Dolphins	1:00 PM	standard	False	1	0
played	0x00091e7a	regular	13	2004-11-28	Patriots	Jaguars	1:00 PM	standard	False	1	0
played	0x00091e82	regular	13	2004-11-28	Panthers	Falcons	1:00 PM	standard	False	1	0
played	0x00091e8a	regular	13	2004-11-28	49ers	Rams	1:00 PM	standard	False	1	0
played	0x00091e92	regular	13	2004-11-28	Cardinals	Eagles	9:00 PM	monday_or_thursday_night	True	9	0
played	0x00091e9a	regular	13	2004-11-28	Chargers	Broncos	4:05 PM	late_doubleheader	False	4	5
played	0x00091ea2	regular	13	2004-11-28	Chiefs	Raiders	4:05 PM	late_doubleheader	False	4	5
played	0x00091eaa	regular	13	2004-11-28	Redskins	Bears	4:15 PM	late_doubleheader	False	4	15
played	0x00091eb2	regular	13	2004-11-28	Browns	Ravens	1:00 PM	standard	False	1	0
played	0x00091eba	regular	13	2004-11-28	Texans	Bengals	8:30 PM	sunday_night	True	8	30
played	0x00091ec2	regular	13	2004-11-29	Saints	Buccaneers	1:00 PM	standard	False	1	0
played	0x00091ed2	regular	14	2004-12-05	Buccaneers	Chargers	1:00 PM	standard	False	1	0
played	0x00091eda	regular	14	2004-12-05	Titans	Broncos	9:00 PM	monday_or_thursday_night	True	9	0
played	0x00091ee2	regular	14	2004-12-05	Dolphins	Steelers	1:00 PM	standard	False	1	0
played	0x00091eea	regular	14	2004-12-05	Eagles	Panthers	1:00 PM	standard	False	1	0
played	0x00091ef2	regular	14	2004-12-05	Bears	Packers	1:00 PM	standard	False	1	0
played	0x00091efa	regular	14	2004-12-05	Jaguars	Colts	1:00 PM	standard	False	1	0
played	0x00091f02	regular	14	2004-12-05	Texans	Lions	1:00 PM	standard	False	1	0
played	0x00091f0a	regular	14	2004-12-05	Vikings	Cardinals	1:00 PM	standard	False	1	0
played	0x00091f12	regular	14	2004-12-05	Raiders	Jets	4:05 PM	late_doubleheader	False	4	5
played	0x00091f1a	regular	14	2004-12-05	Bills	Ravens	1:00 PM	standard	False	1	0
played	0x00091f22	regular	14	2004-12-05	Seahawks	Rams	4:15 PM	late_doubleheader	False	4	15
played	0x00091f2a	regular	14	2004-12-05	Bengals	Patriots	4:05 PM	late_doubleheader	False	4	5
played	0x00091f32	regular	14	2004-12-05	Falcons	49ers	4:15 PM	late_doubleheader	False	4	15
played	0x00091f3a	regular	14	2004-12-05	Chiefs	Saints	4:15 PM	late_doubleheader	False	4	15
played	0x00091f42	regular	14	2004-12-05	Giants	Redskins	8:30 PM	sunday_night	True	8	30
played	0x00091f4a	regular	14	2004-12-06	Browns	Cowboys	1:00 PM	standard	False	1	0
played	0x00091f5a	regular	15	2004-12-12	Cowboys	Bengals	1:30 PM	standard	False	1	30
played	0x00091f62	regular	15	2004-12-12	Rams	Giants	5:00 PM	standard	False	5	0
played	0x00091f6a	regular	15	2004-12-12	Buccaneers	Falcons	8:30 PM	sunday_night	True	8	30
played	0x00091f72	regular	15	2004-12-12	Lions	Jaguars	1:00 PM	standard	False	1	0
played	0x00091f7a	regular	15	2004-12-12	Ravens	Dolphins	1:00 PM	standard	False	1	0
played	0x00091f82	regular	15	2004-12-12	Packers	Vikings	1:00 PM	standard	False	1	0
played	0x00091f8a	regular	15	2004-12-12	Bears	Texans	1:00 PM	standard	False	1	0
played	0x00091f92	regular	15	2004-12-12	Steelers	Chiefs	1:00 PM	standard	False	1	0
played	0x00091f9a	regular	15	2004-12-12	Patriots	Cardinals	1:00 PM	standard	False	1	0
played	0x00091fa2	regular	15	2004-12-12	Jets	Bills	9:00 PM	monday_or_thursday_night	True	9	0
played	0x00091faa	regular	15	2004-12-12	Redskins	Eagles	1:00 PM	standard	False	1	0
played	0x00091fb2	regular	15	2004-12-12	Broncos	Raiders	4:15 PM	late_doubleheader	False	4	15
played	0x00091fba	regular	15	2004-12-12	Saints	Panthers	4:05 PM	late_doubleheader	False	4	5
played	0x00091fc2	regular	15	2004-12-12	Colts	Browns	8:30 PM	sunday_night	True	8	30
played	0x00091fca	regular	15	2004-12-12	Chargers	Titans	4:15 PM	late_doubleheader	False	4	15
played	0x00091fd2	regular	15	2004-12-13	Seahawks	49ers	4:05 PM	late_doubleheader	False	4	5
played	0x00091fe2	regular	16	2004-12-18	Vikings	Bears	3:00 PM	standard	False	3	0
played	0x00091fea	regular	16	2004-12-18	49ers	Redskins	9:00 PM	monday_or_thursday_night	True	9	0
played	0x00091ff2	regular	16	2004-12-18	Titans	Raiders	8:30 PM	sunday_night	True	8	30
played	0x00091ffa	regular	16	2004-12-18	Ravens	Cowboys	1:00 PM	standard	False	1	0
played	0x00092002	regular	16	2004-12-19	Packers	Lions	1:00 PM	standard	False	1	0
played	0x0009200a	regular	16	2004-12-19	Colts	Chiefs	1:00 PM	standard	False	1	0
played	0x00092012	regular	16	2004-12-19	Texans	Jaguars	1:00 PM	standard	False	1	0
played	0x0009201a	regular	16	2004-12-19	Panthers	Buccaneers	1:00 PM	standard	False	1	0
played	0x00092022	regular	16	2004-12-19	Bengals	Browns	1:00 PM	standard	False	1	0
played	0x0009202a	regular	16	2004-12-19	Patriots	Bills	4:05 PM	late_doubleheader	False	4	5
played	0x00092032	regular	16	2004-12-19	Saints	Falcons	1:00 PM	standard	False	1	0
played	0x0009203a	regular	16	2004-12-19	Eagles	Giants	4:15 PM	late_doubleheader	False	4	15
played	0x00092042	regular	16	2004-12-19	Rams	Dolphins	4:05 PM	late_doubleheader	False	4	5
played	0x0009204a	regular	16	2004-12-19	Jets	Steelers	8:30 PM	sunday_night	True	8	30
played	0x00092052	regular	16	2004-12-19	Cardinals	Seahawks	4:15 PM	late_doubleheader	False	4	15
played	0x0009205a	regular	16	2004-12-20	Broncos	Chargers	5:00 PM	standard	False	5	0
played	0x0009206a	regular	17	2004-12-25	Browns	Jets	1:00 PM	standard	False	1	0
played	0x00092072	regular	17	2004-12-25	Dolphins	Bengals	1:00 PM	standard	False	1	0
played	0x0009207a	regular	17	2004-12-25	Falcons	Panthers	1:00 PM	standard	False	1	0
played	0x00092082	regular	17	2004-12-25	Chiefs	Broncos	4:15 PM	late_doubleheader	False	4	15
played	0x0009208a	regular	17	2004-12-26	Jaguars	Steelers	1:00 PM	standard	False	1	0
played	0x00092092	regular	17	2004-12-26	Bills	Rams	1:00 PM	standard	False	1	0
played	0x0009209a	regular	17	2004-12-26	Redskins	Ravens	1:00 PM	standard	False	1	0
played	0x000920a2	regular	17	2004-12-26	49ers	Patriots	1:00 PM	standard	False	1	0
played	0x000920aa	regular	17	2004-12-26	Titans	Packers	1:00 PM	standard	False	1	0
played	0x000920b2	regular	17	2004-12-26	Giants	Vikings	1:00 PM	standard	False	1	0
played	0x000920ba	regular	17	2004-12-26	Seahawks	Saints	4:05 PM	late_doubleheader	False	4	5
played	0x000920c2	regular	17	2004-12-26	Cardinals	Buccaneers	4:05 PM	late_doubleheader	False	4	5
played	0x000920ca	regular	17	2004-12-26	Raiders	Colts	4:15 PM	late_doubleheader	False	4	15
played	0x000920d2	regular	17	2004-12-26	Chargers	Texans	4:15 PM	late_doubleheader	False	4	15
played	0x000920da	regular	17	2004-12-26	Cowboys	Eagles	8:30 PM	sunday_night	True	8	30
played	0x000920e2	regular	17	2004-12-27	Lions	Bears	1:00 PM	standard	False	1	0
played	0x000920f2	wild_card	17	2005-01-08	Jaguars	Raiders	12:30 PM	standard	False	0	30
played	0x000920fa	wild_card	17	2005-01-08	Steelers	Browns	4:05 PM	late_doubleheader	False	4	5
played	0x00092102	wild_card	17	2005-01-09	49ers	Redskins	12:35 PM	standard	False	0	35
played	0x0009210a	wild_card	17	2005-01-09	Panthers	Bears	4:15 PM	late_doubleheader	False	4	15
played	0x0009217a	divisional	18	2005-01-15	Bills	Browns	12:35 PM	standard	False	0	35
played	0x00092182	divisional	18	2005-01-15	Broncos	Raiders	4:15 PM	late_doubleheader	False	4	15
played	0x0009218a	divisional	18	2005-01-16	Lions	Bears	12:40 PM	standard	False	0	40
played	0x00092192	divisional	18	2005-01-16	Cowboys	Redskins	4:15 PM	late_doubleheader	False	4	15
played	0x00092202	conference	19	2005-01-23	Bills	Broncos	1:35 PM	standard	False	1	35
played	0x0009220a	conference	19	2005-01-23	Lions	Redskins	4:15 PM	late_doubleheader	False	4	15
played	0x0009228a	super_bowl	20	2005-01-30	Lions	Bills	4:00 PM	standard	False	4	0
played	0x00092312	all_star	21	2005-02-06	AFC-all-star	NFC-all-star	4:00 PM	standard	False	4	0
