pool,index,first,last,position,jersey,college,speed,agility,pass_arm_strength,stamina,kick_power,durability,strength,jumping,coverage,run_route,tackle,break_tackle,pass_accuracy,pass_read_coverage,catch,run_blocking,pass_blocking,hold_onto_ball,pass_rush,run_coverage,kick_accuracy,kicking_style,leadership,power_run_style,composure,scramble,consistency,aggressiveness,depth,height,weight,birth_date,years_pro,hand
primary,0,Aaron,Rodgers,QB,12,California,76,73,83,31,10,76,35,60,28,24,30,29,79,75,20,24,23,28,20,22,14,49,80,50,84,82,76,31,1,74,225,1983-12-02,10,Right
primary,1,Scott,Tolzien,QB,16,Wisconsin,65,71,53,24,12,72,32,57,30,25,32,27,52,53,23,25,24,37,21,26,15,49,40,50,50,42,26,26,2,74,213,1987-09-04,4,Right
primary,2,Brett,Hundley,QB,7,UCLA,80,69,67,27,10,73,29,61,29,24,30,30,65,60,20,22,22,31,19,27,14,49,52,50,58,42,50,24,3,75,226,1993-06-15,0,Right
primary,3,James,Starks,HB,44,Buffalo,87,79,28,81,15,87,55,78,13,65,12,82,27,17,65,37,38,86,11,11,17,49,61,50,53,5,59,51,1,74,218,1986-02-25,5,Right
primary,4,Eddie,Lacy,HB,27,Alabama,84,78,28,81,15,86,56,78,13,62,12,81,27,17,62,37,37,87,11,11,17,49,59,99,52,5,60,49,2,71,234,1990-06-02,2,Right
primary,5,John,Crockett,HB,38,North Dakota State,81,74,27,62,13,84,55,72,29,38,27,60,25,15,39,33,33,68,19,21,14,49,38,50,30,5,56,46,3,72,217,1992-02-16,0,Right
primary,6,John,Kuhn,FB,30,Shippensburg,75,74,16,85,19,89,61,64,17,51,18,56,14,14,60,76,70,78,15,15,20,49,59,99,57,5,63,59,1,72,250,1982-09-09,10,Right
primary,7,Aaron,Ripkowski,FB,22,Oklahoma,66,74,14,63,11,78,67,60,26,39,26,29,14,13,40,39,48,59,21,22,13,49,37,99,27,5,43,36,2,73,246,1992-12-20,0,Right
primary,8,Randall,Cobb,WR,18,Kentucky,89,84,22,62,13,79,42,81,14,90,16,63,22,17,91,43,42,80,12,12,15,49,63,50,55,5,83,64,1,70,192,1990-08-22,4,Right
primary,9,Davante,Adams,WR,17,Fresno State,84,84,21,59,12,77,43,77,12,84,13,52,21,16,80,44,43,76,11,10,15,49,55,99,53,5,83,55,2,73,215,1992-12-24,1,Right
primary,10,James,Jones,WR,89,,85,84,22,61,13,79,41,81,14,89,15,61,22,17,86,43,42,80,12,12,15,49,63,50,56,5,83,61,3,73,208,1984-03-31,8,Right
primary,11,Jared,Abbrederis,WR,84,Wisconsin,87,84,19,51,11,72,35,75,19,69,17,40,19,15,70,40,39,64,12,13,13,49,33,50,33,5,71,48,4,73,195,1990-12-17,1,Right
primary,12,Jeff,Janis,WR,83,,91,84,19,49,10,72,35,75,16,66,16,37,19,15,64,37,35,64,11,13,13,49,33,99,29,5,69,50,5,75,219,1991-06-24,1,Right
primary,13,Ty,Montgomery,WR,88,Stanford,84,82,20,56,11,77,36,75,16,74,17,46,20,15,79,43,41,66,12,12,14,49,39,99,43,5,76,47,6,72,216,1993-01-22,0,Right
primary,14,Richard,Rodgers,TE,82,California,68,78,12,53,10,80,55,69,11,79,12,62,12,13,82,79,81,68,11,13,13,49,50,99,57,5,56,43,1,76,257,1992-01-22,1,Right
primary,15,Justin,Perillo,TE,80,,71,76,11,46,8,77,58,70,16,55,19,45,12,12,62,64,65,64,14,18,10,49,31,99,35,5,46,36,2,75,250,1991-01-05,1,Right
primary,16,Kennard,Backman,TE,86,,67,65,10,36,9,79,58,62,20,36,21,30,11,11,39,49,51,61,15,24,10,49,28,99,33,5,40,30,3,75,245,1993-02-26,0,Right
primary,17,Andrew,Quarless,TE,81,,78,74,10,41,11,75,56,67,20,49,27,36,11,12,51,60,62,58,23,24,12,49,32,99,36,5,45,26,4,76,252,1988-10-06,5,Right
primary,18,David,Bakhtiari,T,69,Colorado,52,62,11,81,16,92,68,56,15,31,28,22,10,11,25,82,82,10,25,27,16,49,57,99,56,5,69,41,1,76,310,1991-09-30,2,Right
primary,19,Bryan,Bulaga,T,75,Iowa,51,56,12,74,15,93,67,58,16,32,27,26,10,11,27,79,79,12,23,26,14,49,48,99,51,5,58,30,2,77,314,1989-03-21,5,Right
primary,20,Don,Barclay,T,67,West Virginia,46,57,11,66,15,89,67,54,15,32,26,28,10,12,31,73,73,15,21,25,15,49,43,99,50,5,48,26,3,76,305,1989-04-18,3,Right
primary,21,Josh,Sitton,G,71,Central Florida,46,56,12,82,21,95,68,52,19,29,29,23,10,11,24,84,83,10,28,29,20,49,67,99,68,5,68,39,1,75,318,1986-06-16,7,Right
primary,22,T.J.,Lang,G,70,Eastern Michigan,45,58,12,80,21,95,67,51,17,27,28,21,10,11,22,80,81,9,25,28,19,49,62,99,64,5,65,41,2,76,318,1987-09-20,6,Right
primary,23,Lane,Taylor,G,65,Oklahoma State,47,57,11,69,15,84,68,53,20,27,26,27,10,10,23,63,64,16,22,27,14,49,40,99,35,5,42,35,3,75,324,1989-11-22,2,Right
primary,24,Josh,Walker,G,79,,48,59,11,68,15,84,69,52,20,28,27,27,10,10,23,61,61,17,23,27,15,49,41,99,34,5,41,40,4,77,328,1991-06-02,1,Right
primary,25,Corey,Linsley,C,63,Ohio State,49,60,11,82,20,91,71,50,18,21,28,18,11,10,21,81,77,7,26,32,17,49,56,99,61,5,62,37,1,75,301,1991-07-27,1,Right
primary,26,J.C.,Tretter,C,73,Cornell,57,64,11,75,18,89,68,59,16,20,25,22,11,11,22,70,68,9,23,34,16,49,41,99,50,5,55,29,2,76,307,1991-02-12,2,Right
primary,27,Letroy,Guion,DE,98,Florida State,46,73,10,60,18,78,66,68,36,21,76,29,12,10,22,25,25,19,75,70,18,49,41,99,47,5,56,56,1,76,322,1987-06-21,7,Right
primary,28,Datone,Jones,DE,95,UCLA,72,73,10,60,18,78,66,68,36,21,78,29,12,10,22,25,25,19,80,73,18,49,41,99,47,5,56,56,2,76,285,1990-07-24,2,Right
primary,29,Mike,Daniels,DT,76,Iowa,70,67,10,67,21,81,75,59,23,20,88,33,11,10,25,29,28,16,82,85,21,49,64,99,55,5,63,55,1,72,310,1989-05-05,3,Right
primary,30,Mike,Pennel,DT,64,,56,63,10,65,20,79,68,57,25,21,79,31,11,11,26,26,27,15,70,75,19,49,47,99,47,5,61,56,2,76,332,1991-05-09,1,Right
primary,31,B.J.,Raji,DT,90,Boston College,55,62,10,65,19,83,72,60,26,21,79,31,11,11,26,25,28,18,69,75,19,49,49,99,51,5,53,54,3,74,337,1986-07-11,6,Right
primary,32,Clay,Matthews,OLB,52,USC,83,78,10,88,11,82,62,75,77,25,89,32,11,11,24,28,26,27,86,87,11,49,76,99,65,5,80,72,1,75,255,1986-05-14,6,Right
primary,33,Julius,Peppers,OLB,56,North Carolina,78,66,10,82,11,81,71,79,69,22,83,29,11,10,20,25,23,22,82,81,11,49,67,99,57,5,72,63,2,79,287,1980-01-18,13,Right
primary,34,Mike,Neal,OLB,96,Purdue,68,80,10,81,12,79,62,71,69,21,82,30,11,11,21,25,23,22,76,79,12,49,59,99,52,5,67,58,3,75,262,1987-06-26,5,Right
primary,35,Nick,Perry,OLB,53,USC,84,78,10,80,12,80,63,74,69,23,79,32,12,11,20,26,24,21,70,75,12,49,52,99,44,5,68,56,4,75,265,1990-04-12,3,Right
primary,36,Jay,Elliott,OLB,91,Toledo,72,77,10,77,13,80,63,74,72,23,75,33,12,11,22,26,23,20,69,72,12,49,41,99,38,5,59,50,5,75,255,1991-11-11,1,Right
primary,37,Andy,Mulumba,OLB,55,Eastern Michigan,72,75,10,75,11,79,60,71,55,20,65,33,11,11,20,24,21,24,54,62,10,49,38,99,30,5,48,40,6,75,260,1990-01-31,2,Right
primary,38,Joe,Thomas,OLB,48,,77,77,10,77,13,81,63,74,69,23,75,33,12,11,22,26,23,20,68,73,12,49,41,99,39,5,59,50,7,73,227,1991-05-06,1,Right
primary,39,Jake,Ryan,ILB,47,Michigan,79,76,10,84,12,79,62,69,70,24,83,29,11,10,22,27,25,23,61,80,11,49,63,99,54,5,75,62,1,74,240,1992-02-27,0,Right
primary,40,Nate,Palmer,ILB,51,Illinois State,73,78,10,83,13,81,64,66,74,24,83,31,12,10,24,28,25,23,69,79,12,49,63,99,52,5,79,59,2,74,248,1989-09-23,2,Right
primary,41,Casey,Hayward,CB,29,Vanderbilt,88,88,10,75,18,79,42,79,82,12,77,18,11,10,27,24,26,42,39,59,20,49,52,1,52,5,68,59,1,71,192,1989-09-09,3,Right
primary,42,Sam,Shields,CB,37,,97,87,10,73,18,79,43,80,87,11,73,14,11,10,36,24,26,38,39,57,20,49,44,1,50,5,65,54,2,71,184,1987-12-08,5,Right
primary,43,Damarious,Randall,CB,23,Arizona State,89,87,10,73,18,79,43,80,87,11,75,14,11,10,36,24,26,39,39,58,20,49,45,1,50,5,66,55,3,71,196,1992-08-29,0,Right
primary,44,Quinten,Rollins,CB,24,,83,81,10,71,19,79,44,76,79,11,67,13,12,11,31,23,25,37,39,57,20,49,43,1,45,5,65,49,4,71,195,1992-07-15,0,Right
primary,45,Demetri,Goodson,CB,39,Baylor,86,83,11,66,18,79,43,77,71,9,49,13,12,11,22,26,27,30,41,45,18,49,37,1,36,5,53,47,5,71,197,1989-06-11,1,Right
primary,46,Ladarius,Gunter,CB,36,,81,80,11,68,19,76,42,73,62,11,43,9,12,11,19,27,29,19,42,40,20,49,34,1,25,5,47,45,6,74,201,1992-05-13,0,Right
primary,47,Ha Ha,Clinton-Dix,FS,21,Alabama,83,83,10,83,19,75,45,75,81,12,85,7,11,11,36,24,24,38,47,80,21,49,75,1,71,5,76,60,1,73,208,1992-12-21,1,Right
primary,48,Micah,Hyde,FS,33,Iowa,84,82,10,80,19,79,47,74,76,13,71,11,11,10,31,25,27,37,39,63,21,49,53,1,49,5,55,54,2,72,197,1990-12-31,2,Right
primary,49,Morgan,Burnett,SS,42,Georgia Tech,86,84,10,82,20,78,56,79,79,19,83,10,11,11,26,26,30,36,57,76,18,49,58,1,54,5,64,53,1,73,209,1989-01-13,5,Right
primary,50,Chris,Banjo,SS,32,,87,84,10,84,21,82,54,72,66,13,62,12,11,10,18,28,31,41,44,57,22,49,45,1,36,5,45,53,2,70,207,1990-02-26,2,Right
primary,51,Mason,Crosby,K,2,Colorado,52,40,10,44,90,87,29,37,20,22,26,16,11,12,22,22,18,31,17,12,89,99,63,50,81,5,73,32,1,73,207,1984-09-03,8,Right
primary,52,Tim,Masthay,P,8,,72,48,38,54,71,91,35,44,24,25,44,21,40,29,27,23,19,25,24,18,68,1,41,50,60,5,61,28,1,73,200,1987-03-16,6,Right
